incident_id,risk_score,severity,user_email,resource_name,service,events_correlated,timestamp,reasons
INC-00007,100,Critical,gmeekqt@addthis.com,resource2,Gmail,3,2022-02-06T06:46:42Z,"+20 Contains PII (data classified as Restricted) | +15 Data shared externally (outside organization) | +10 Significant number of records affected (867) | +15 Suspicious activity detected by event classifier | +10 Suspicious action succeeded (confirmed exfiltration risk) | +15 Resource was made public | +5 Weak authentication used (password only, no MFA/SSO) | +10 Multiple correlated events: 3 events"
INC-00009,100,Critical,hstuddalip@1und1.de,resource2,Google Drive,2,2022-02-13T07:30:13Z,"+20 Contains PII (data classified as Restricted) | +25 Data exposed publicly (highest sharing scope) | +10 Significant number of records affected (459) | +15 Suspicious activity detected by event classifier | +10 Suspicious action succeeded (confirmed exfiltration risk) | +10 Involves BigQuery (high-volume data export risk) | +10 High-risk action performed (export or policy change) | +5 Weak authentication used (password only, no MFA/SSO) | +5 Two related events correlated into a single incident"
INC-00017,100,Critical,cgroompz@google.pl,resource3,IAM,3,2022-04-10T16:24:13Z,"+20 Contains PII (data classified as Restricted) | +25 Data exposed publicly (highest sharing scope) | +10 Significant number of records affected (816) | +15 Suspicious activity detected by event classifier | +10 Suspicious action succeeded (confirmed exfiltration risk) | +10 Involves IAM (privilege escalation / credential risk) | +15 Resource was made public | +5 Weak authentication used (password only, no MFA/SSO) | +10 Multiple correlated events: 3 events"
INC-00019,100,Critical,ppapworthlz@tripadvisor.com,resource1,BigQuery,3,2022-04-26T08:01:29Z,+20 Contains PII (data classified as Restricted) | +15 Data shared externally (outside organization) | +10 Significant number of records affected (906) | +15 Suspicious activity detected by event classifier | +10 Suspicious action succeeded (confirmed exfiltration risk) | +10 Involves BigQuery (high-volume data export risk) | +10 High-risk action performed (export or policy change) | +10 Multiple correlated events: 3 events
INC-00022,100,Critical,vklaffsg5@wiley.com,resource3,IAM,2,2022-04-25T22:03:30Z,"+20 Contains PII (data classified as Restricted) | +25 Data exposed publicly (highest sharing scope) | +10 Significant number of records affected (552) | +15 Suspicious activity detected by event classifier | +10 Suspicious action succeeded (confirmed exfiltration risk) | +10 Involves BigQuery (high-volume data export risk) | +15 Resource was made public | +5 Weak authentication used (password only, no MFA/SSO) | +5 Two related events correlated into a single incident"
INC-00031,100,Critical,ggritsaev4t@oakley.com,resource2,BigQuery,2,2022-06-08T18:34:38Z,"+20 Contains PII (data classified as Restricted) | +25 Data exposed publicly (highest sharing scope) | +10 Significant number of records affected (844) | +15 Suspicious activity detected by event classifier | +10 Involves BigQuery (high-volume data export risk) | +10 High-risk action performed (export or policy change) | +5 Weak authentication used (password only, no MFA/SSO) | +5 Two related events correlated into a single incident"
INC-00033,100,Critical,mhubbinsmj@istockphoto.com,resource3,Gmail,2,2022-07-01T11:41:44Z,"+20 Contains PII (data classified as Restricted) | +25 Data exposed publicly (highest sharing scope) | +10 Significant number of records affected (664) | +15 Suspicious activity detected by event classifier | +10 Involves BigQuery (high-volume data export risk) | +15 Resource was made public | +5 Weak authentication used (password only, no MFA/SSO) | +5 Two related events correlated into a single incident"
INC-00035,100,Critical,veustesn@rambler.ru,resource2,IAM,2,2022-07-15T13:56:50Z,"+20 Contains PII (data classified as Restricted) | +25 Data exposed publicly (highest sharing scope) | +10 Significant number of records affected (241) | +15 Suspicious activity detected by event classifier | +10 Suspicious action succeeded (confirmed exfiltration risk) | +10 Involves BigQuery (high-volume data export risk) | +15 Resource was made public | +5 Weak authentication used (password only, no MFA/SSO) | +5 Two related events correlated into a single incident"
INC-00036,100,Critical,acallarcm@adobe.com,resource1,IAM,2,2022-07-16T10:35:40Z,+20 Contains PII (data classified as Restricted) | +25 Data exposed publicly (highest sharing scope) | +10 Significant number of records affected (199) | +15 Suspicious activity detected by event classifier | +10 Suspicious action succeeded (confirmed exfiltration risk) | +10 Involves IAM (privilege escalation / credential risk) | +10 High-risk action performed (export or policy change) | +5 Two related events correlated into a single incident
INC-00037,100,Critical,bocurneennl@barnesandnoble.com,resource3,Gmail,2,2022-07-29T10:12:21Z,+20 Contains PII (data classified as Restricted) | +25 Data exposed publicly (highest sharing scope) | +10 Significant number of records affected (680) | +15 Suspicious activity detected by event classifier | +10 Suspicious action succeeded (confirmed exfiltration risk) | +15 Resource was made public | +5 Two related events correlated into a single incident
INC-00039,100,Critical,wpochonn1@creativecommons.org,resource2,IAM,2,2022-07-26T00:16:31Z,+20 Contains PII (data classified as Restricted) | +15 Data shared externally (outside organization) | +10 Significant number of records affected (951) | +15 Suspicious activity detected by event classifier | +10 Suspicious action succeeded (confirmed exfiltration risk) | +10 Involves BigQuery (high-volume data export risk) | +15 Resource was made public | +5 Two related events correlated into a single incident
INC-00044,100,Critical,vregorz5k@seattletimes.com,resource3,Google Drive,2,2022-08-19T01:46:12Z,"+20 Contains PII (data classified as Restricted) | +25 Data exposed publicly (highest sharing scope) | +10 Significant number of records affected (659) | +15 Suspicious activity detected by event classifier | +5 High-risk action completed successfully | +10 Involves BigQuery (high-volume data export risk) | +15 Resource was made public | +5 Weak authentication used (password only, no MFA/SSO) | +5 Two related events correlated into a single incident"
INC-00048,100,Critical,skindreadkq@usda.gov,resource2,BigQuery,4,2022-08-29T07:30:03Z,+20 Contains PII (data classified as Restricted) | +15 Data shared externally (outside organization) | +10 Significant number of records affected (348) | +15 Suspicious activity detected by event classifier | +10 Suspicious action succeeded (confirmed exfiltration risk) | +10 Involves BigQuery (high-volume data export risk) | +15 Resource was made public | +10 Multiple correlated events: 4 events
INC-00061,100,Critical,lmapsonqs@yahoo.com,resource3,IAM,2,2022-11-02T08:57:03Z,"+20 Contains PII (data classified as Restricted) | +25 Data exposed publicly (highest sharing scope) | +10 Significant number of records affected (962) | +15 Suspicious activity detected by event classifier | +10 Suspicious action succeeded (confirmed exfiltration risk) | +10 Involves IAM (privilege escalation / credential risk) | +15 Resource was made public | +5 Weak authentication used (password only, no MFA/SSO) | +5 Two related events correlated into a single incident"
INC-00062,100,Critical,cgittosea0@meetup.com,resource2,IAM,3,2022-10-22T19:05:18Z,"+20 Contains PII (data classified as Restricted) | +25 Data exposed publicly (highest sharing scope) | +10 Significant number of records affected (938) | +15 Suspicious activity detected by event classifier | +10 Suspicious action succeeded (confirmed exfiltration risk) | +10 Involves IAM (privilege escalation / credential risk) | +10 High-risk action performed (export or policy change) | +5 Weak authentication used (password only, no MFA/SSO) | +10 Multiple correlated events: 3 events"
INC-00063,100,Critical,msmalleyw@biglobe.ne.jp,resource1,Google Drive,2,2022-11-13T23:39:04Z,"+20 Contains PII (data classified as Restricted) | +25 Data exposed publicly (highest sharing scope) | +10 Significant number of records affected (484) | +15 Suspicious activity detected by event classifier | +10 Suspicious action succeeded (confirmed exfiltration risk) | +10 Involves IAM (privilege escalation / credential risk) | +10 High-risk action performed (export or policy change) | +5 Weak authentication used (password only, no MFA/SSO) | +5 Two related events correlated into a single incident"
INC-00064,100,Critical,ajorgensenn6@guardian.co.uk,resource3,Gmail,2,2022-11-07T02:40:19Z,"+20 Contains PII (data classified as Restricted) | +25 Data exposed publicly (highest sharing scope) | +10 Significant number of records affected (914) | +15 Suspicious activity detected by event classifier | +10 Suspicious action succeeded (confirmed exfiltration risk) | +10 Involves IAM (privilege escalation / credential risk) | +8 Data movement action performed (download or share) | +5 Weak authentication used (password only, no MFA/SSO) | +5 Two related events correlated into a single incident"
INC-00069,100,Critical,cterron8a@bravesites.com,resource2,IAM,3,2022-11-30T11:32:29Z,"+20 Contains PII (data classified as Restricted) | +25 Data exposed publicly (highest sharing scope) | +10 Significant number of records affected (578) | +15 Suspicious activity detected by event classifier | +10 Suspicious action succeeded (confirmed exfiltration risk) | +10 Involves BigQuery (high-volume data export risk) | +15 Resource was made public | +5 Weak authentication used (password only, no MFA/SSO) | +10 Multiple correlated events: 3 events"
INC-00077,100,Critical,bphelip3w@dailymotion.com,resource3,Gmail,2,2022-01-06T00:16:39Z,"+20 Contains PII (data classified as Restricted) | +25 Data exposed publicly (highest sharing scope) | +10 Significant number of records affected (407) | +15 Suspicious activity detected by event classifier | +10 Suspicious action succeeded (confirmed exfiltration risk) | +10 Involves BigQuery (high-volume data export risk) | +8 Data movement action performed (download or share) | +5 Weak authentication used (password only, no MFA/SSO) | +5 Two related events correlated into a single incident"
INC-00083,100,Critical,lmaultby7a@mtv.com,resource1,Google Drive,2,2022-01-30T12:37:19Z,+20 Contains PII (data classified as Restricted) | +25 Data exposed publicly (highest sharing scope) | +10 Significant number of records affected (982) | +15 Suspicious activity detected by event classifier | +10 Suspicious action succeeded (confirmed exfiltration risk) | +10 Involves BigQuery (high-volume data export risk) | +10 High-risk action performed (export or policy change) | +5 Two related events correlated into a single incident
INC-00085,100,Critical,oadlardr9@arizona.edu,resource2,BigQuery,2,2022-02-10T19:30:51Z,"+20 Contains PII (data classified as Restricted) | +25 Data exposed publicly (highest sharing scope) | +10 Significant number of records affected (962) | +15 Suspicious activity detected by event classifier | +10 Involves BigQuery (high-volume data export risk) | +10 High-risk action performed (export or policy change) | +5 Weak authentication used (password only, no MFA/SSO) | +5 Two related events correlated into a single incident"
INC-00086,100,Critical,rrochewellds@latimes.com,resource1,BigQuery,2,2022-02-12T20:53:41Z,+20 Contains PII (data classified as Restricted) | +25 Data exposed publicly (highest sharing scope) | +10 Significant number of records affected (760) | +15 Suspicious activity detected by event classifier | +10 Suspicious action succeeded (confirmed exfiltration risk) | +10 Involves BigQuery (high-volume data export risk) | +8 Data movement action performed (download or share) | +5 Two related events correlated into a single incident
INC-00088,100,Critical,drushbyf6@smugmug.com,resource1,IAM,2,2022-02-05T17:07:01Z,"+20 Contains PII (data classified as Restricted) | +25 Data exposed publicly (highest sharing scope) | +10 Significant number of records affected (679) | +15 Suspicious activity detected by event classifier | +10 Suspicious action succeeded (confirmed exfiltration risk) | +10 Involves IAM (privilege escalation / credential risk) | +8 Data movement action performed (download or share) | +5 Weak authentication used (password only, no MFA/SSO) | +5 Two related events correlated into a single incident"
INC-00096,100,Critical,amatlock1q@ucla.edu,resource1,BigQuery,4,2022-04-04T14:27:55Z,"+20 Contains PII (data classified as Restricted) | +15 Data shared externally (outside organization) | +10 Significant number of records affected (559) | +15 Suspicious activity detected by event classifier | +10 Suspicious action succeeded (confirmed exfiltration risk) | +10 Involves BigQuery (high-volume data export risk) | +8 Data movement action performed (download or share) | +5 Weak authentication used (password only, no MFA/SSO) | +10 Multiple correlated events: 4 events"
INC-00099,100,Critical,ealldridgece@noaa.gov,resource2,IAM,2,2022-04-23T14:09:29Z,"+20 Contains PII (data classified as Restricted) | +25 Data exposed publicly (highest sharing scope) | +10 Significant number of records affected (548) | +15 Suspicious activity detected by event classifier | +10 Suspicious action succeeded (confirmed exfiltration risk) | +10 Involves IAM (privilege escalation / credential risk) | +10 High-risk action performed (export or policy change) | +5 Weak authentication used (password only, no MFA/SSO) | +5 Two related events correlated into a single incident"
INC-00101,100,Critical,brubinowiczpr@cnet.com,resource3,BigQuery,2,2022-04-22T14:41:47Z,"+20 Contains PII (data classified as Restricted) | +25 Data exposed publicly (highest sharing scope) | +10 Significant number of records affected (324) | +15 Suspicious activity detected by event classifier | +10 Suspicious action succeeded (confirmed exfiltration risk) | +10 Involves BigQuery (high-volume data export risk) | +10 High-risk action performed (export or policy change) | +5 Weak authentication used (password only, no MFA/SSO) | +5 Two related events correlated into a single incident"
INC-00110,100,Critical,jlongo8q@myspace.com,resource2,BigQuery,3,2022-05-10T23:33:08Z,"+20 Contains PII (data classified as Restricted) | +25 Data exposed publicly (highest sharing scope) | +5 Multiple records affected (79) | +15 Suspicious activity detected by event classifier | +10 Involves BigQuery (high-volume data export risk) | +10 High-risk action performed (export or policy change) | +5 Weak authentication used (password only, no MFA/SSO) | +10 Multiple correlated events: 3 events"
INC-00112,100,Critical,saldingtonhg@noaa.gov,resource1,Gmail,2,2022-06-14T13:36:43Z,"+20 Contains PII (data classified as Restricted) | +15 Data shared externally (outside organization) | +10 Significant number of records affected (974) | +15 Suspicious activity detected by event classifier | +10 Suspicious action succeeded (confirmed exfiltration risk) | +10 Involves BigQuery (high-volume data export risk) | +15 Resource was made public | +5 Weak authentication used (password only, no MFA/SSO) | +5 Two related events correlated into a single incident"
INC-00113,100,Critical,bgirthfs@reddit.com,resource3,Google Drive,3,2022-06-27T20:19:23Z,+20 Contains PII (data classified as Restricted) | +25 Data exposed publicly (highest sharing scope) | +10 Significant number of records affected (638) | +15 Suspicious activity detected by event classifier | +5 High-risk action completed successfully | +5 Involves Cloud Storage (data exposure risk) | +15 Resource was made public | +10 Multiple correlated events: 3 events
INC-00123,100,Critical,mmccartanpc@ow.ly,resource3,Gmail,4,2022-07-18T01:26:24Z,"+20 Contains PII (data classified as Restricted) | +15 Data shared externally (outside organization) | +10 Significant number of records affected (941) | +15 Suspicious activity detected by event classifier | +10 Suspicious action succeeded (confirmed exfiltration risk) | +10 Involves BigQuery (high-volume data export risk) | +10 High-risk action performed (export or policy change) | +5 Weak authentication used (password only, no MFA/SSO) | +10 Multiple correlated events: 4 events"
INC-00124,100,Critical,ltappor1x@forbes.com,resource3,IAM,3,2022-08-05T02:15:56Z,"+20 Contains PII (data classified as Restricted) | +15 Data shared externally (outside organization) | +10 Significant number of records affected (842) | +15 Suspicious activity detected by event classifier | +10 Involves IAM (privilege escalation / credential risk) | +15 Resource was made public | +5 Weak authentication used (password only, no MFA/SSO) | +10 Multiple correlated events: 3 events"
INC-00129,100,Critical,vgalego94@elpais.com,resource1,BigQuery,3,2022-08-28T15:57:43Z,"+20 Contains PII (data classified as Restricted) | +25 Data exposed publicly (highest sharing scope) | +10 Significant number of records affected (642) | +15 Suspicious activity detected by event classifier | +10 Suspicious action succeeded (confirmed exfiltration risk) | +10 Involves BigQuery (high-volume data export risk) | +10 High-risk action performed (export or policy change) | +5 Weak authentication used (password only, no MFA/SSO) | +10 Multiple correlated events: 3 events"
INC-00132,100,Critical,rdurtnal6z@amazon.de,resource1,Cloud Storage,3,2022-09-13T04:19:24Z,"+20 Contains PII (data classified as Restricted) | +15 Data shared externally (outside organization) | +10 Significant number of records affected (975) | +15 Suspicious activity detected by event classifier | +10 Involves IAM (privilege escalation / credential risk) | +15 Resource was made public | +5 Weak authentication used (password only, no MFA/SSO) | +10 Multiple correlated events: 3 events"
INC-00138,100,Critical,lsenten3m@youtube.com,resource2,Gmail,3,2022-09-20T18:45:38Z,+20 Contains PII (data classified as Restricted) | +25 Data exposed publicly (highest sharing scope) | +10 Significant number of records affected (908) | +15 Suspicious activity detected by event classifier | +10 Suspicious action succeeded (confirmed exfiltration risk) | +10 Involves BigQuery (high-volume data export risk) | +8 Data movement action performed (download or share) | +10 Multiple correlated events: 3 events
INC-00142,100,Critical,lcanizaresgb@ifeng.com,resource1,Google Drive,3,2022-10-24T15:21:33Z,"+20 Contains PII (data classified as Restricted) | +15 Data shared externally (outside organization) | +10 Significant number of records affected (408) | +15 Suspicious activity detected by event classifier | +10 Suspicious action succeeded (confirmed exfiltration risk) | +5 Involves Cloud Storage (data exposure risk) | +10 High-risk action performed (export or policy change) | +5 Weak authentication used (password only, no MFA/SSO) | +10 Multiple correlated events: 3 events"
INC-00144,100,Critical,cswepson63@home.pl,resource2,Cloud Storage,2,2022-11-03T02:54:57Z,"+20 Contains PII (data classified as Restricted) | +25 Data exposed publicly (highest sharing scope) | +10 Significant number of records affected (428) | +15 Suspicious activity detected by event classifier | +10 Suspicious action succeeded (confirmed exfiltration risk) | +10 Involves IAM (privilege escalation / credential risk) | +15 Resource was made public | +5 Weak authentication used (password only, no MFA/SSO) | +5 Two related events correlated into a single incident"
INC-00147,100,Critical,skirkhamn9@paypal.com,resource2,IAM,2,2022-11-14T01:37:13Z,+20 Contains PII (data classified as Restricted) | +25 Data exposed publicly (highest sharing scope) | +10 Significant number of records affected (887) | +15 Suspicious activity detected by event classifier | +10 Suspicious action succeeded (confirmed exfiltration risk) | +10 Involves IAM (privilege escalation / credential risk) | +8 Data movement action performed (download or share) | +5 Two related events correlated into a single incident
INC-00150,100,Critical,alindupbg@domainmarket.com,resource2,Gmail,2,2022-11-30T19:38:09Z,"+20 Contains PII (data classified as Restricted) | +25 Data exposed publicly (highest sharing scope) | +10 Significant number of records affected (337) | +15 Suspicious activity detected by event classifier | +5 Involves Cloud Storage (data exposure risk) | +15 Resource was made public | +5 Weak authentication used (password only, no MFA/SSO) | +5 Two related events correlated into a single incident"
INC-00154,100,Critical,glascellesek@va.gov,resource2,Cloud Storage,2,2022-12-02T15:51:16Z,+20 Contains PII (data classified as Restricted) | +25 Data exposed publicly (highest sharing scope) | +10 Significant number of records affected (121) | +15 Suspicious activity detected by event classifier | +10 Suspicious action succeeded (confirmed exfiltration risk) | +5 Involves Cloud Storage (data exposure risk) | +15 Resource was made public | +5 Two related events correlated into a single incident
INC-00208,100,Critical,nerteltig@biglobe.ne.jp,resource2,Cloud Storage,1,2022-01-26T11:10:36Z,"+20 Contains PII (data classified as Restricted) | +25 Data exposed publicly (highest sharing scope) | +10 Significant number of records affected (960) | +15 Suspicious activity detected by event classifier | +10 Suspicious action succeeded (confirmed exfiltration risk) | +5 Involves Cloud Storage (data exposure risk) | +15 Resource was made public | +5 Weak authentication used (password only, no MFA/SSO)"
INC-00267,100,Critical,mfersonn8@reverbnation.com,resource3,IAM,1,2022-02-26T00:59:26Z,"+20 Contains PII (data classified as Restricted) | +25 Data exposed publicly (highest sharing scope) | +10 Significant number of records affected (435) | +15 Suspicious activity detected by event classifier | +10 Suspicious action succeeded (confirmed exfiltration risk) | +10 Involves IAM (privilege escalation / credential risk) | +8 Data movement action performed (download or share) | +5 Weak authentication used (password only, no MFA/SSO)"
INC-00674,100,Critical,mdevotefu@walmart.com,resource2,Gmail,1,2022-10-05T19:26:00Z,"+20 Contains PII (data classified as Restricted) | +25 Data exposed publicly (highest sharing scope) | +10 Significant number of records affected (752) | +15 Suspicious activity detected by event classifier | +10 Suspicious action succeeded (confirmed exfiltration risk) | +15 Resource was made public | +5 Weak authentication used (password only, no MFA/SSO)"
INC-00042,98,Critical,skeele4g@purevolume.com,resource1,BigQuery,2,2022-08-21T20:06:32Z,"+20 Contains PII (data classified as Restricted) | +25 Data exposed publicly (highest sharing scope) | +10 Significant number of records affected (824) | +15 Suspicious activity detected by event classifier | +10 Involves BigQuery (high-volume data export risk) | +8 Data movement action performed (download or share) | +5 Weak authentication used (password only, no MFA/SSO) | +5 Two related events correlated into a single incident"
INC-00094,98,Critical,pcottieqh@facebook.com,resource1,IAM,2,2022-03-11T23:42:38Z,+20 Contains PII (data classified as Restricted) | +25 Data exposed publicly (highest sharing scope) | +10 Significant number of records affected (890) | +15 Suspicious activity detected by event classifier | +5 High-risk action completed successfully | +10 Involves IAM (privilege escalation / credential risk) | +8 Data movement action performed (download or share) | +5 Two related events correlated into a single incident
INC-00134,98,Critical,mshippard7e@amazon.co.jp,resource2,IAM,2,2022-09-15T11:36:13Z,"+20 Contains PII (data classified as Restricted) | +15 Data shared externally (outside organization) | +10 Significant number of records affected (735) | +15 Suspicious activity detected by event classifier | +10 Suspicious action succeeded (confirmed exfiltration risk) | +10 Involves IAM (privilege escalation / credential risk) | +8 Data movement action performed (download or share) | +5 Weak authentication used (password only, no MFA/SSO) | +5 Two related events correlated into a single incident"
INC-00568,98,Critical,cpockk5@tripod.com,resource3,BigQuery,1,2022-08-05T09:06:11Z,+20 Contains PII (data classified as Restricted) | +25 Data exposed publicly (highest sharing scope) | +10 Significant number of records affected (982) | +15 Suspicious activity detected by event classifier | +10 Suspicious action succeeded (confirmed exfiltration risk) | +10 Involves BigQuery (high-volume data export risk) | +8 Data movement action performed (download or share)
INC-00629,98,Critical,aquinbyct@4shared.com,resource2,BigQuery,1,2022-09-10T15:04:58Z,+20 Contains PII (data classified as Restricted) | +25 Data exposed publicly (highest sharing scope) | +10 Significant number of records affected (259) | +15 Suspicious activity detected by event classifier | +10 Suspicious action succeeded (confirmed exfiltration risk) | +10 Involves BigQuery (high-volume data export risk) | +8 Data movement action performed (download or share)
INC-00004,95,Critical,gsangwine9n@forbes.com,resource3,Gmail,2,2022-01-01T06:44:25Z,"+20 Contains PII (data classified as Restricted) | +5 Data shared internally | +10 Significant number of records affected (924) | +15 Suspicious activity detected by event classifier | +10 Suspicious action succeeded (confirmed exfiltration risk) | +10 Involves BigQuery (high-volume data export risk) | +15 Resource was made public | +5 Weak authentication used (password only, no MFA/SSO) | +5 Two related events correlated into a single incident"
INC-00018,95,Critical,tjakolevitch2s@google.ru,resource3,Cloud Storage,2,2022-04-19T12:35:07Z,+20 Contains PII (data classified as Restricted) | +15 Data shared externally (outside organization) | +10 Significant number of records affected (541) | +15 Suspicious activity detected by event classifier | +10 Suspicious action succeeded (confirmed exfiltration risk) | +10 Involves IAM (privilege escalation / credential risk) | +10 High-risk action performed (export or policy change) | +5 Two related events correlated into a single incident
INC-00043,95,Critical,rwolstenholme5q@merriam-webster.com,resource3,Gmail,2,2022-08-01T19:53:25Z,+20 Contains PII (data classified as Restricted) | +25 Data exposed publicly (highest sharing scope) | +10 Significant number of records affected (745) | +15 Suspicious activity detected by event classifier | +10 Suspicious action succeeded (confirmed exfiltration risk) | +10 High-risk action performed (export or policy change) | +5 Two related events correlated into a single incident
INC-00066,95,Critical,mhazelden3s@netscape.com,resource1,IAM,2,2022-11-08T13:47:01Z,+20 Contains PII (data classified as Restricted) | +25 Data exposed publicly (highest sharing scope) | +10 Significant number of records affected (528) | +15 Suspicious activity detected by event classifier | +10 Suspicious action succeeded (confirmed exfiltration risk) | +10 Involves BigQuery (high-volume data export risk) | +5 Two related events correlated into a single incident
INC-00067,95,Critical,dblainey2b@pinterest.com,resource1,IAM,3,2022-11-25T03:43:41Z,"+20 Contains PII (data classified as Restricted) | +5 Data shared internally | +10 Significant number of records affected (605) | +15 Suspicious activity detected by event classifier | +10 Suspicious action succeeded (confirmed exfiltration risk) | +10 Involves IAM (privilege escalation / credential risk) | +10 High-risk action performed (export or policy change) | +5 Weak authentication used (password only, no MFA/SSO) | +10 Multiple correlated events: 3 events"
INC-00102,95,Critical,dburboroughi7@yellowpages.com,resource1,BigQuery,2,2022-05-04T23:33:30Z,"+25 Data exposed publicly (highest sharing scope) | +10 Significant number of records affected (455) | +15 Suspicious activity detected by event classifier | +10 Suspicious action succeeded (confirmed exfiltration risk) | +10 Involves BigQuery (high-volume data export risk) | +15 Resource was made public | +5 Weak authentication used (password only, no MFA/SSO) | +5 Two related events correlated into a single incident"
INC-00106,95,Critical,wgrentr6@liveinternet.ru,resource1,IAM,2,2022-05-15T15:12:36Z,+20 Contains PII (data classified as Restricted) | +25 Data exposed publicly (highest sharing scope) | +10 Significant number of records affected (998) | +15 Suspicious activity detected by event classifier | +10 Involves BigQuery (high-volume data export risk) | +10 High-risk action performed (export or policy change) | +5 Two related events correlated into a single incident
INC-00127,95,Critical,mwallworthhb@163.com,resource1,Gmail,2,2022-08-18T18:06:30Z,+20 Contains PII (data classified as Restricted) | +15 Data shared externally (outside organization) | +10 Significant number of records affected (886) | +15 Suspicious activity detected by event classifier | +10 Suspicious action succeeded (confirmed exfiltration risk) | +10 Involves IAM (privilege escalation / credential risk) | +10 High-risk action performed (export or policy change) | +5 Two related events correlated into a single incident
INC-00143,95,Critical,jcoplandoy@timesonline.co.uk,resource1,IAM,3,2022-10-28T06:00:41Z,"+20 Contains PII (data classified as Restricted) | +15 Data shared externally (outside organization) | +10 Significant number of records affected (669) | +15 Suspicious activity detected by event classifier | +10 Involves BigQuery (high-volume data export risk) | +10 High-risk action performed (export or policy change) | +5 Weak authentication used (password only, no MFA/SSO) | +10 Multiple correlated events: 3 events"
INC-00194,95,Critical,mhafford1v@over-blog.com,resource3,Cloud Storage,1,2022-01-20T23:31:25Z,+20 Contains PII (data classified as Restricted) | +25 Data exposed publicly (highest sharing scope) | +5 Multiple records affected (100) | +15 Suspicious activity detected by event classifier | +10 Suspicious action succeeded (confirmed exfiltration risk) | +5 Involves Cloud Storage (data exposure risk) | +15 Resource was made public
INC-00351,95,Critical,dgilliatbr@yellowpages.com,resource1,BigQuery,1,2022-04-05T13:16:32Z,"+20 Contains PII (data classified as Restricted) | +25 Data exposed publicly (highest sharing scope) | +10 Significant number of records affected (339) | +15 Suspicious activity detected by event classifier | +10 Involves BigQuery (high-volume data export risk) | +10 High-risk action performed (export or policy change) | +5 Weak authentication used (password only, no MFA/SSO)"
INC-00617,95,Critical,jnann79@thetimes.co.uk,resource1,IAM,1,2022-09-03T01:08:09Z,+20 Contains PII (data classified as Restricted) | +25 Data exposed publicly (highest sharing scope) | +10 Significant number of records affected (181) | +15 Suspicious activity detected by event classifier | +10 Involves IAM (privilege escalation / credential risk) | +15 Resource was made public
INC-00624,95,Critical,zbuickid@dell.com,resource3,Gmail,1,2022-09-08T07:43:47Z,+20 Contains PII (data classified as Restricted) | +25 Data exposed publicly (highest sharing scope) | +10 Significant number of records affected (526) | +15 Suspicious activity detected by event classifier | +10 Suspicious action succeeded (confirmed exfiltration risk) | +15 Resource was made public
INC-00735,95,Critical,edelacourt24@freewebs.com,resource1,Cloud Storage,1,2022-11-12T21:59:57Z,"+20 Contains PII (data classified as Restricted) | +15 Data shared externally (outside organization) | +10 Significant number of records affected (651) | +15 Suspicious activity detected by event classifier | +10 Suspicious action succeeded (confirmed exfiltration risk) | +5 Involves Cloud Storage (data exposure risk) | +15 Resource was made public | +5 Weak authentication used (password only, no MFA/SSO)"
INC-00005,93,Critical,kbineham5e@deliciousdays.com,resource2,BigQuery,2,2022-01-30T23:50:57Z,"+20 Contains PII (data classified as Restricted) | +15 Data shared externally (outside organization) | +10 Significant number of records affected (128) | +15 Suspicious activity detected by event classifier | +5 High-risk action completed successfully | +10 Involves BigQuery (high-volume data export risk) | +8 Data movement action performed (download or share) | +5 Weak authentication used (password only, no MFA/SSO) | +5 Two related events correlated into a single incident"
INC-00014,93,Critical,mpepye7h@163.com,resource2,Gmail,2,2022-03-23T06:03:11Z,+20 Contains PII (data classified as Restricted) | +25 Data exposed publicly (highest sharing scope) | +10 Significant number of records affected (795) | +15 Suspicious activity detected by event classifier | +10 Involves IAM (privilege escalation / credential risk) | +8 Data movement action performed (download or share) | +5 Two related events correlated into a single incident
INC-00016,93,Critical,hnardoni4m@bizjournals.com,resource3,Gmail,2,2022-02-11T00:25:01Z,+20 Contains PII (data classified as Restricted) | +15 Data shared externally (outside organization) | +10 Significant number of records affected (394) | +15 Suspicious activity detected by event classifier | +10 Suspicious action succeeded (confirmed exfiltration risk) | +10 Involves IAM (privilege escalation / credential risk) | +8 Data movement action performed (download or share) | +5 Two related events correlated into a single incident
INC-00057,93,Critical,slevingsff@parallels.com,resource3,Cloud Storage,2,2022-10-22T18:12:43Z,"+20 Contains PII (data classified as Restricted) | +25 Data exposed publicly (highest sharing scope) | +10 Significant number of records affected (687) | +15 Suspicious activity detected by event classifier | +5 Involves Cloud Storage (data exposure risk) | +8 Data movement action performed (download or share) | +5 Weak authentication used (password only, no MFA/SSO) | +5 Two related events correlated into a single incident"
INC-00141,93,Critical,jjiricka45@examiner.com,resource2,Gmail,3,2022-10-22T20:06:57Z,+20 Contains PII (data classified as Restricted) | +15 Data shared externally (outside organization) | +10 Significant number of records affected (780) | +15 Suspicious activity detected by event classifier | +10 Suspicious action succeeded (confirmed exfiltration risk) | +5 Involves Cloud Storage (data exposure risk) | +8 Data movement action performed (download or share) | +10 Multiple correlated events: 3 events
INC-00145,93,Critical,bstrottonb7@miibeian.gov.cn,resource3,Google Drive,2,2022-10-15T23:45:50Z,+20 Contains PII (data classified as Restricted) | +25 Data exposed publicly (highest sharing scope) | +10 Significant number of records affected (876) | +15 Suspicious activity detected by event classifier | +5 High-risk action completed successfully | +5 Involves Cloud Storage (data exposure risk) | +8 Data movement action performed (download or share) | +5 Two related events correlated into a single incident
INC-00149,93,Critical,jhuetsone@mysql.com,resource2,Gmail,2,2022-11-15T06:57:51Z,+20 Contains PII (data classified as Restricted) | +15 Data shared externally (outside organization) | +10 Significant number of records affected (990) | +15 Suspicious activity detected by event classifier | +10 Suspicious action succeeded (confirmed exfiltration risk) | +10 Involves IAM (privilege escalation / credential risk) | +8 Data movement action performed (download or share) | +5 Two related events correlated into a single incident
INC-00616,93,Critical,skezourecc1@samsung.com,resource1,IAM,1,2022-09-02T23:01:03Z,"+20 Contains PII (data classified as Restricted) | +15 Data shared externally (outside organization) | +10 Significant number of records affected (703) | +15 Suspicious activity detected by event classifier | +10 Suspicious action succeeded (confirmed exfiltration risk) | +10 Involves IAM (privilege escalation / credential risk) | +8 Data movement action performed (download or share) | +5 Weak authentication used (password only, no MFA/SSO)"
INC-00733,93,Critical,aharrapln@washingtonpost.com,resource1,Cloud Storage,1,2022-11-11T13:02:40Z,+20 Contains PII (data classified as Restricted) | +25 Data exposed publicly (highest sharing scope) | +10 Significant number of records affected (543) | +15 Suspicious activity detected by event classifier | +10 Suspicious action succeeded (confirmed exfiltration risk) | +5 Involves Cloud Storage (data exposure risk) | +8 Data movement action performed (download or share)
INC-00807,93,Critical,pclibbery44@nifty.com,resource2,Cloud Storage,1,2022-12-23T14:37:13Z,+20 Contains PII (data classified as Restricted) | +25 Data exposed publicly (highest sharing scope) | +10 Significant number of records affected (517) | +15 Suspicious activity detected by event classifier | +10 Suspicious action succeeded (confirmed exfiltration risk) | +5 Involves Cloud Storage (data exposure risk) | +8 Data movement action performed (download or share)
INC-00816,93,Critical,jchelnamre@booking.com,resource2,IAM,1,2022-12-29T02:13:44Z,"+20 Contains PII (data classified as Restricted) | +25 Data exposed publicly (highest sharing scope) | +10 Significant number of records affected (714) | +15 Suspicious activity detected by event classifier | +10 Involves IAM (privilege escalation / credential risk) | +8 Data movement action performed (download or share) | +5 Weak authentication used (password only, no MFA/SSO)"
INC-00013,90,Critical,ewrothbd@cnbc.com,resource3,Cloud Storage,2,2022-03-09T04:08:15Z,"+20 Contains PII (data classified as Restricted) | +15 Data shared externally (outside organization) | +10 Significant number of records affected (360) | +15 Suspicious activity detected by event classifier | +5 Involves Cloud Storage (data exposure risk) | +15 Resource was made public | +5 Weak authentication used (password only, no MFA/SSO) | +5 Two related events correlated into a single incident"
INC-00023,90,Critical,bbollands1e@samsung.com,resource2,Gmail,3,2022-05-07T04:52:16Z,"+20 Contains PII (data classified as Restricted) | +10 Significant number of records affected (532) | +15 Suspicious activity detected by event classifier | +10 Suspicious action succeeded (confirmed exfiltration risk) | +10 Involves BigQuery (high-volume data export risk) | +10 High-risk action performed (export or policy change) | +5 Weak authentication used (password only, no MFA/SSO) | +10 Multiple correlated events: 3 events"
INC-00025,90,Critical,jgealyc0@sbwire.com,resource3,Cloud Storage,2,2022-05-28T00:36:03Z,"+20 Contains PII (data classified as Restricted) | +5 Data shared internally | +10 Significant number of records affected (538) | +15 Suspicious activity detected by event classifier | +10 Suspicious action succeeded (confirmed exfiltration risk) | +5 Involves Cloud Storage (data exposure risk) | +15 Resource was made public | +5 Weak authentication used (password only, no MFA/SSO) | +5 Two related events correlated into a single incident"
INC-00026,90,Critical,rringrose3@deliciousdays.com,resource2,Gmail,2,2022-05-24T02:27:23Z,+20 Contains PII (data classified as Restricted) | +5 Data shared internally | +10 Significant number of records affected (436) | +15 Suspicious activity detected by event classifier | +10 Suspicious action succeeded (confirmed exfiltration risk) | +10 Involves IAM (privilege escalation / credential risk) | +15 Resource was made public | +5 Two related events correlated into a single incident
INC-00049,90,Critical,zhansenji@reuters.com,resource2,Google Drive,2,2022-09-16T00:18:38Z,"+20 Contains PII (data classified as Restricted) | +25 Data exposed publicly (highest sharing scope) | +10 Significant number of records affected (406) | +15 Suspicious activity detected by event classifier | +10 High-risk action performed (export or policy change) | +5 Weak authentication used (password only, no MFA/SSO) | +5 Two related events correlated into a single incident"
INC-00075,90,Critical,dantunezg4@gizmodo.com,resource3,Google Drive,2,2022-01-10T11:08:03Z,"+20 Contains PII (data classified as Restricted) | +15 Data shared externally (outside organization) | +10 Significant number of records affected (327) | +15 Suspicious activity detected by event classifier | +10 Suspicious action succeeded (confirmed exfiltration risk) | +10 Involves BigQuery (high-volume data export risk) | +5 Weak authentication used (password only, no MFA/SSO) | +5 Two related events correlated into a single incident"
INC-00103,90,Critical,rwalklate41@amazon.co.uk,resource3,BigQuery,2,2022-04-22T07:55:42Z,+20 Contains PII (data classified as Restricted) | +15 Data shared externally (outside organization) | +10 Significant number of records affected (866) | +15 Suspicious activity detected by event classifier | +10 Involves BigQuery (high-volume data export risk) | +15 Resource was made public | +5 Two related events correlated into a single incident
INC-00120,90,Critical,nbastistinimf@nytimes.com,resource3,BigQuery,2,2022-07-11T20:27:41Z,"+20 Contains PII (data classified as Restricted) | +15 Data shared externally (outside organization) | +10 Significant number of records affected (802) | +15 Suspicious activity detected by event classifier | +10 Suspicious action succeeded (confirmed exfiltration risk) | +10 Involves BigQuery (high-volume data export risk) | +5 Weak authentication used (password only, no MFA/SSO) | +5 Two related events correlated into a single incident"
INC-00151,90,Critical,apycockhv@slashdot.org,resource3,Cloud Storage,2,2022-12-03T20:53:22Z,+20 Contains PII (data classified as Restricted) | +15 Data shared externally (outside organization) | +10 Significant number of records affected (786) | +15 Suspicious activity detected by event classifier | +10 Suspicious action succeeded (confirmed exfiltration risk) | +5 Involves Cloud Storage (data exposure risk) | +10 High-risk action performed (export or policy change) | +5 Two related events correlated into a single incident
INC-00349,90,Critical,cprobertr7@php.net,resource1,Google Drive,1,2022-04-04T21:23:20Z,"+20 Contains PII (data classified as Restricted) | +25 Data exposed publicly (highest sharing scope) | +5 Multiple records affected (74) | +15 Suspicious activity detected by event classifier | +10 Suspicious action succeeded (confirmed exfiltration risk) | +10 High-risk action performed (export or policy change) | +5 Weak authentication used (password only, no MFA/SSO)"
INC-00400,90,Critical,jemmet5g@businessinsider.com,resource1,BigQuery,1,2022-05-01T08:39:14Z,+20 Contains PII (data classified as Restricted) | +25 Data exposed publicly (highest sharing scope) | +10 Significant number of records affected (525) | +15 Suspicious activity detected by event classifier | +10 Suspicious action succeeded (confirmed exfiltration risk) | +10 Involves BigQuery (high-volume data export risk)
INC-00424,90,Critical,creanyjr@usgs.gov,resource3,IAM,1,2022-05-17T14:26:18Z,+20 Contains PII (data classified as Restricted) | +25 Data exposed publicly (highest sharing scope) | +10 Significant number of records affected (302) | +15 Suspicious activity detected by event classifier | +10 Suspicious action succeeded (confirmed exfiltration risk) | +10 Involves IAM (privilege escalation / credential risk)
INC-00476,90,Critical,ebendaer@odnoklassniki.ru,resource3,BigQuery,1,2022-06-13T21:14:20Z,"+20 Contains PII (data classified as Restricted) | +25 Data exposed publicly (highest sharing scope) | +10 Significant number of records affected (570) | +5 High-risk action completed successfully | +10 Involves BigQuery (high-volume data export risk) | +15 Resource was made public | +5 Weak authentication used (password only, no MFA/SSO)"
INC-00543,90,Critical,ckirkland92@japanpost.jp,resource2,Cloud Storage,1,2022-07-20T01:38:00Z,"+20 Contains PII (data classified as Restricted) | +25 Data exposed publicly (highest sharing scope) | +10 Significant number of records affected (208) | +15 Suspicious activity detected by event classifier | +10 Suspicious action succeeded (confirmed exfiltration risk) | +5 Involves Cloud Storage (data exposure risk) | +5 Weak authentication used (password only, no MFA/SSO)"
INC-00642,90,Critical,semmersonli@technorati.com,resource2,BigQuery,1,2022-09-19T03:22:11Z,+20 Contains PII (data classified as Restricted) | +25 Data exposed publicly (highest sharing scope) | +10 Significant number of records affected (303) | +15 Suspicious activity detected by event classifier | +10 Involves BigQuery (high-volume data export risk) | +10 High-risk action performed (export or policy change)
INC-00703,90,Critical,mtimebygm@state.gov,resource2,Cloud Storage,1,2022-10-26T12:26:00Z,"+20 Contains PII (data classified as Restricted) | +25 Data exposed publicly (highest sharing scope) | +10 Significant number of records affected (370) | +15 Suspicious activity detected by event classifier | +10 Suspicious action succeeded (confirmed exfiltration risk) | +5 Involves Cloud Storage (data exposure risk) | +5 Weak authentication used (password only, no MFA/SSO)"
INC-00708,90,Critical,gloads65@umn.edu,resource1,Cloud Storage,1,2022-10-31T15:13:35Z,"+20 Contains PII (data classified as Restricted) | +15 Data shared externally (outside organization) | +10 Significant number of records affected (640) | +15 Suspicious activity detected by event classifier | +10 Suspicious action succeeded (confirmed exfiltration risk) | +5 Involves Cloud Storage (data exposure risk) | +10 High-risk action performed (export or policy change) | +5 Weak authentication used (password only, no MFA/SSO)"
INC-00008,88,Critical,mhoward9v@princeton.edu,resource2,Gmail,2,2022-02-14T03:14:02Z,+20 Contains PII (data classified as Restricted) | +15 Data shared externally (outside organization) | +10 Significant number of records affected (501) | +15 Suspicious activity detected by event classifier | +5 High-risk action completed successfully | +10 Involves BigQuery (high-volume data export risk) | +8 Data movement action performed (download or share) | +5 Two related events correlated into a single incident
INC-00072,88,Critical,dwarin6l@last.fm,resource3,Cloud Storage,3,2022-12-27T10:48:33Z,+20 Contains PII (data classified as Restricted) | +25 Data exposed publicly (highest sharing scope) | +10 Significant number of records affected (599) | +5 High-risk action completed successfully | +10 Involves BigQuery (high-volume data export risk) | +8 Data movement action performed (download or share) | +10 Multiple correlated events: 3 events
INC-00097,88,Critical,dconquest7k@photobucket.com,resource3,Cloud Storage,2,2022-04-11T02:10:36Z,"+25 Data exposed publicly (highest sharing scope) | +10 Significant number of records affected (669) | +15 Suspicious activity detected by event classifier | +10 Suspicious action succeeded (confirmed exfiltration risk) | +10 Involves BigQuery (high-volume data export risk) | +8 Data movement action performed (download or share) | +5 Weak authentication used (password only, no MFA/SSO) | +5 Two related events correlated into a single incident"
INC-00117,88,Critical,pwillbondn0@auda.org.au,resource2,IAM,2,2022-07-03T06:50:15Z,"+20 Contains PII (data classified as Restricted) | +15 Data shared externally (outside organization) | +10 Significant number of records affected (788) | +15 Suspicious activity detected by event classifier | +10 Involves IAM (privilege escalation / credential risk) | +8 Data movement action performed (download or share) | +5 Weak authentication used (password only, no MFA/SSO) | +5 Two related events correlated into a single incident"
INC-00441,88,Critical,wsudell7y@msn.com,resource2,Gmail,1,2022-05-28T10:04:47Z,+20 Contains PII (data classified as Restricted) | +25 Data exposed publicly (highest sharing scope) | +10 Significant number of records affected (245) | +15 Suspicious activity detected by event classifier | +10 Suspicious action succeeded (confirmed exfiltration risk) | +8 Data movement action performed (download or share)
INC-00559,88,Critical,gbramah60@topsy.com,resource2,BigQuery,1,2022-07-29T19:26:59Z,+20 Contains PII (data classified as Restricted) | +25 Data exposed publicly (highest sharing scope) | +10 Significant number of records affected (586) | +15 Suspicious activity detected by event classifier | +10 Involves BigQuery (high-volume data export risk) | +8 Data movement action performed (download or share)
INC-00001,85,Critical,acuolahanku@rediff.com,resource2,IAM,2,2022-01-12T21:35:16Z,"+25 Data exposed publicly (highest sharing scope) | +10 Significant number of records affected (798) | +15 Suspicious activity detected by event classifier | +10 Involves IAM (privilege escalation / credential risk) | +15 Resource was made public | +5 Weak authentication used (password only, no MFA/SSO) | +5 Two related events correlated into a single incident"
INC-00003,85,Critical,acassamor@reverbnation.com,resource2,BigQuery,2,2022-01-19T05:22:33Z,+20 Contains PII (data classified as Restricted) | +10 Significant number of records affected (703) | +15 Suspicious activity detected by event classifier | +10 Suspicious action succeeded (confirmed exfiltration risk) | +10 Involves BigQuery (high-volume data export risk) | +15 Resource was made public | +5 Two related events correlated into a single incident
INC-00020,85,Critical,dsmallmanlc@globo.com,resource2,Google Drive,2,2022-04-28T21:49:41Z,"+20 Contains PII (data classified as Restricted) | +10 Significant number of records affected (607) | +15 Suspicious activity detected by event classifier | +10 Suspicious action succeeded (confirmed exfiltration risk) | +10 Involves IAM (privilege escalation / credential risk) | +10 High-risk action performed (export or policy change) | +5 Weak authentication used (password only, no MFA/SSO) | +5 Two related events correlated into a single incident"
INC-00053,85,Critical,dkimbell8u@nifty.com,resource2,Gmail,2,2022-09-15T11:12:18Z,+25 Data exposed publicly (highest sharing scope) | +10 Significant number of records affected (374) | +15 Suspicious activity detected by event classifier | +10 Suspicious action succeeded (confirmed exfiltration risk) | +10 Involves IAM (privilege escalation / credential risk) | +10 High-risk action performed (export or policy change) | +5 Two related events correlated into a single incident
INC-00079,85,Critical,eshanni5@vinaora.com,resource3,Google Drive,2,2022-01-16T11:45:41Z,+20 Contains PII (data classified as Restricted) | +25 Data exposed publicly (highest sharing scope) | +10 Significant number of records affected (529) | +10 Involves BigQuery (high-volume data export risk) | +15 Resource was made public | +5 Two related events correlated into a single incident
INC-00092,85,Critical,dofallownenb@kickstarter.com,resource3,IAM,2,2022-02-28T15:24:11Z,+25 Data exposed publicly (highest sharing scope) | +10 Significant number of records affected (984) | +15 Suspicious activity detected by event classifier | +10 Suspicious action succeeded (confirmed exfiltration risk) | +10 Involves IAM (privilege escalation / credential risk) | +10 High-risk action performed (export or policy change) | +5 Two related events correlated into a single incident
INC-00093,85,Critical,jtartteu@cbc.ca,resource2,IAM,2,2022-03-11T21:10:41Z,+20 Contains PII (data classified as Restricted) | +15 Data shared externally (outside organization) | +10 Significant number of records affected (983) | +15 Suspicious activity detected by event classifier | +10 Suspicious action succeeded (confirmed exfiltration risk) | +10 Involves IAM (privilege escalation / credential risk) | +5 Two related events correlated into a single incident
INC-00098,85,Critical,npantone7q@theatlantic.com,resource1,Cloud Storage,2,2022-04-20T08:07:11Z,+25 Data exposed publicly (highest sharing scope) | +10 Significant number of records affected (723) | +15 Suspicious activity detected by event classifier | +10 Suspicious action succeeded (confirmed exfiltration risk) | +10 Involves IAM (privilege escalation / credential risk) | +10 High-risk action performed (export or policy change) | +5 Two related events correlated into a single incident
INC-00108,85,Critical,ocruxtondp@webnode.com,resource1,IAM,2,2022-06-06T13:43:36Z,"+20 Contains PII (data classified as Restricted) | +25 Data exposed publicly (highest sharing scope) | +10 Significant number of records affected (537) | +10 Involves BigQuery (high-volume data export risk) | +10 High-risk action performed (export or policy change) | +5 Weak authentication used (password only, no MFA/SSO) | +5 Two related events correlated into a single incident"
INC-00119,85,Critical,gdollra@de.vu,resource2,Google Drive,2,2022-06-30T10:52:53Z,+20 Contains PII (data classified as Restricted) | +15 Data shared externally (outside organization) | +10 Significant number of records affected (574) | +15 Suspicious activity detected by event classifier | +10 Involves IAM (privilege escalation / credential risk) | +10 High-risk action performed (export or policy change) | +5 Two related events correlated into a single incident
INC-00135,85,Critical,cvaldes7f@craigslist.org,resource2,Google Drive,2,2022-09-21T04:28:45Z,+20 Contains PII (data classified as Restricted) | +25 Data exposed publicly (highest sharing scope) | +10 Significant number of records affected (770) | +15 Suspicious activity detected by event classifier | +10 High-risk action performed (export or policy change) | +5 Two related events correlated into a single incident
INC-00136,85,Critical,corrockmt@smh.com.au,resource2,Gmail,2,2022-09-23T11:41:04Z,+20 Contains PII (data classified as Restricted) | +15 Data shared externally (outside organization) | +10 Significant number of records affected (836) | +15 Suspicious activity detected by event classifier | +5 High-risk action completed successfully | +15 Resource was made public | +5 Two related events correlated into a single incident
INC-00140,85,Critical,acraigmile9s@tiny.cc,resource2,Google Drive,2,2022-10-18T16:12:10Z,+20 Contains PII (data classified as Restricted) | +15 Data shared externally (outside organization) | +10 Significant number of records affected (984) | +15 Suspicious activity detected by event classifier | +10 Suspicious action succeeded (confirmed exfiltration risk) | +10 High-risk action performed (export or policy change) | +5 Two related events correlated into a single incident
INC-00148,85,Critical,tlettericki0@answers.com,resource1,Google Drive,2,2022-11-12T23:47:24Z,"+20 Contains PII (data classified as Restricted) | +25 Data exposed publicly (highest sharing scope) | +10 Significant number of records affected (917) | +10 Involves BigQuery (high-volume data export risk) | +10 High-risk action performed (export or policy change) | +5 Weak authentication used (password only, no MFA/SSO) | +5 Two related events correlated into a single incident"
INC-00155,85,Critical,lverdonfd@biglobe.ne.jp,resource1,BigQuery,2,2022-12-24T06:21:25Z,"+20 Contains PII (data classified as Restricted) | +15 Data shared externally (outside organization) | +5 Multiple records affected (83) | +15 Suspicious activity detected by event classifier | +10 Suspicious action succeeded (confirmed exfiltration risk) | +10 Involves BigQuery (high-volume data export risk) | +5 Weak authentication used (password only, no MFA/SSO) | +5 Two related events correlated into a single incident"
INC-00169,85,Critical,kstrutleyd7@so-net.ne.jp,resource1,Google Drive,1,2022-01-07T21:19:08Z,+20 Contains PII (data classified as Restricted) | +25 Data exposed publicly (highest sharing scope) | +10 Significant number of records affected (506) | +15 Suspicious activity detected by event classifier | +15 Resource was made public
INC-00411,85,Critical,alawlorbs@weather.com,resource1,IAM,1,2022-05-08T06:10:17Z,+20 Contains PII (data classified as Restricted) | +25 Data exposed publicly (highest sharing scope) | +10 Significant number of records affected (860) | +5 High-risk action completed successfully | +10 Involves IAM (privilege escalation / credential risk) | +15 Resource was made public
INC-00446,85,Critical,oborrettlg@oaic.gov.au,resource2,BigQuery,1,2022-05-31T05:53:25Z,"+20 Contains PII (data classified as Restricted) | +5 Data shared internally | +10 Significant number of records affected (991) | +15 Suspicious activity detected by event classifier | +10 Suspicious action succeeded (confirmed exfiltration risk) | +10 Involves BigQuery (high-volume data export risk) | +10 High-risk action performed (export or policy change) | +5 Weak authentication used (password only, no MFA/SSO)"
INC-00537,85,Critical,tnasti6@scientificamerican.com,resource3,Google Drive,1,2022-07-19T03:09:26Z,"+20 Contains PII (data classified as Restricted) | +25 Data exposed publicly (highest sharing scope) | +10 Significant number of records affected (507) | +15 Suspicious activity detected by event classifier | +10 Suspicious action succeeded (confirmed exfiltration risk) | +5 Weak authentication used (password only, no MFA/SSO)"
INC-00592,85,Critical,khindenburgmi@fastcompany.com,resource1,Cloud Storage,1,2022-08-20T18:56:48Z,+20 Contains PII (data classified as Restricted) | +25 Data exposed publicly (highest sharing scope) | +10 Significant number of records affected (434) | +15 Suspicious activity detected by event classifier | +5 Involves Cloud Storage (data exposure risk) | +10 High-risk action performed (export or policy change)
INC-00609,85,Critical,aaykroyd88@twitpic.com,resource3,BigQuery,1,2022-08-30T22:05:24Z,+20 Contains PII (data classified as Restricted) | +5 Data shared internally | +10 Significant number of records affected (105) | +15 Suspicious activity detected by event classifier | +10 Suspicious action succeeded (confirmed exfiltration risk) | +10 Involves BigQuery (high-volume data export risk) | +15 Resource was made public
INC-00689,85,Critical,msoaperhs@bloglovin.com,resource1,Google Drive,1,2022-10-16T12:06:03Z,+20 Contains PII (data classified as Restricted) | +15 Data shared externally (outside organization) | +10 Significant number of records affected (689) | +15 Suspicious activity detected by event classifier | +10 Suspicious action succeeded (confirmed exfiltration risk) | +15 Resource was made public
INC-00699,85,Critical,ssymsrj@google.com.au,resource1,Cloud Storage,1,2022-10-24T09:31:36Z,"+20 Contains PII (data classified as Restricted) | +5 Data shared internally | +10 Significant number of records affected (126) | +15 Suspicious activity detected by event classifier | +10 Suspicious action succeeded (confirmed exfiltration risk) | +5 Involves Cloud Storage (data exposure risk) | +15 Resource was made public | +5 Weak authentication used (password only, no MFA/SSO)"
INC-00028,83,Critical,arestillh3@google.de,resource2,IAM,2,2022-06-15T07:33:24Z,+20 Contains PII (data classified as Restricted) | +15 Data shared externally (outside organization) | +10 Significant number of records affected (683) | +15 Suspicious activity detected by event classifier | +10 Involves IAM (privilege escalation / credential risk) | +8 Data movement action performed (download or share) | +5 Two related events correlated into a single incident
INC-00029,83,Critical,rhendricksh0@ed.gov,resource3,BigQuery,2,2022-06-07T08:05:25Z,+20 Contains PII (data classified as Restricted) | +5 Data shared internally | +10 Significant number of records affected (531) | +15 Suspicious activity detected by event classifier | +10 Suspicious action succeeded (confirmed exfiltration risk) | +10 Involves BigQuery (high-volume data export risk) | +8 Data movement action performed (download or share) | +5 Two related events correlated into a single incident
INC-00041,83,Critical,dboweringjv@oakley.com,resource3,Gmail,2,2022-08-07T19:30:04Z,+20 Contains PII (data classified as Restricted) | +25 Data exposed publicly (highest sharing scope) | +10 Significant number of records affected (511) | +5 High-risk action completed successfully | +10 Involves BigQuery (high-volume data export risk) | +8 Data movement action performed (download or share) | +5 Two related events correlated into a single incident
INC-00054,83,Critical,klegenh1@ameblo.jp,resource2,BigQuery,2,2022-10-17T13:04:20Z,+20 Contains PII (data classified as Restricted) | +15 Data shared externally (outside organization) | +10 Significant number of records affected (598) | +15 Suspicious activity detected by event classifier | +10 Involves BigQuery (high-volume data export risk) | +8 Data movement action performed (download or share) | +5 Two related events correlated into a single incident
INC-00089,83,Critical,sveel3j@prnewswire.com,resource2,IAM,2,2022-02-16T21:14:58Z,+20 Contains PII (data classified as Restricted) | +15 Data shared externally (outside organization) | +10 Significant number of records affected (941) | +15 Suspicious activity detected by event classifier | +10 Involves BigQuery (high-volume data export risk) | +8 Data movement action performed (download or share) | +5 Two related events correlated into a single incident
INC-00146,83,Critical,hkitchingham3z@spotify.com,resource1,IAM,2,2022-11-08T03:53:04Z,"+20 Contains PII (data classified as Restricted) | +25 Data exposed publicly (highest sharing scope) | +10 Significant number of records affected (420) | +10 Involves IAM (privilege escalation / credential risk) | +8 Data movement action performed (download or share) | +5 Weak authentication used (password only, no MFA/SSO) | +5 Two related events correlated into a single incident"
INC-00251,83,Critical,econiaml8@taobao.com,resource3,Google Drive,1,2022-02-18T17:21:48Z,"+20 Contains PII (data classified as Restricted) | +25 Data exposed publicly (highest sharing scope) | +10 Significant number of records affected (438) | +15 Suspicious activity detected by event classifier | +8 Data movement action performed (download or share) | +5 Weak authentication used (password only, no MFA/SSO)"
INC-00286,83,Critical,jhartuskx@gizmodo.com,resource1,IAM,1,2022-03-07T23:53:43Z,"+25 Data exposed publicly (highest sharing scope) | +10 Significant number of records affected (209) | +15 Suspicious activity detected by event classifier | +10 Suspicious action succeeded (confirmed exfiltration risk) | +10 Involves IAM (privilege escalation / credential risk) | +8 Data movement action performed (download or share) | +5 Weak authentication used (password only, no MFA/SSO)"
INC-00454,83,Critical,tgethyn8y@arstechnica.com,resource3,BigQuery,1,2022-06-01T19:31:32Z,"+25 Data exposed publicly (highest sharing scope) | +10 Significant number of records affected (109) | +15 Suspicious activity detected by event classifier | +10 Suspicious action succeeded (confirmed exfiltration risk) | +10 Involves BigQuery (high-volume data export risk) | +8 Data movement action performed (download or share) | +5 Weak authentication used (password only, no MFA/SSO)"
INC-00513,83,Critical,adecleenif@earthlink.net,resource1,BigQuery,1,2022-07-06T14:11:35Z,"+25 Data exposed publicly (highest sharing scope) | +10 Significant number of records affected (777) | +15 Suspicious activity detected by event classifier | +10 Suspicious action succeeded (confirmed exfiltration risk) | +10 Involves BigQuery (high-volume data export risk) | +8 Data movement action performed (download or share) | +5 Weak authentication used (password only, no MFA/SSO)"
INC-00058,80,Critical,nlaflini9@telegraph.co.uk,resource3,Cloud Storage,2,2022-10-26T16:27:30Z,"+20 Contains PII (data classified as Restricted) | +25 Data exposed publicly (highest sharing scope) | +10 Significant number of records affected (814) | +5 Involves Cloud Storage (data exposure risk) | +10 High-risk action performed (export or policy change) | +5 Weak authentication used (password only, no MFA/SSO) | +5 Two related events correlated into a single incident"
INC-00071,80,Critical,mconklinn5@newsvine.com,resource3,IAM,2,2022-12-22T18:50:36Z,"+20 Contains PII (data classified as Restricted) | +5 Data shared internally | +10 Significant number of records affected (836) | +15 Suspicious activity detected by event classifier | +10 Involves BigQuery (high-volume data export risk) | +10 High-risk action performed (export or policy change) | +5 Weak authentication used (password only, no MFA/SSO) | +5 Two related events correlated into a single incident"
INC-00080,80,Critical,chartnessh@canalblog.com,resource3,IAM,2,2022-01-26T06:03:06Z,"+20 Contains PII (data classified as Restricted) | +15 Data shared externally (outside organization) | +10 Significant number of records affected (198) | +15 Suspicious activity detected by event classifier | +10 Involves IAM (privilege escalation / credential risk) | +5 Weak authentication used (password only, no MFA/SSO) | +5 Two related events correlated into a single incident"
INC-00081,80,Critical,sscipsey8j@bbb.org,resource1,IAM,2,2022-01-15T16:35:40Z,"+20 Contains PII (data classified as Restricted) | +15 Data shared externally (outside organization) | +10 Significant number of records affected (526) | +15 Suspicious activity detected by event classifier | +10 Involves IAM (privilege escalation / credential risk) | +5 Weak authentication used (password only, no MFA/SSO) | +5 Two related events correlated into a single incident"
INC-00082,80,Critical,kvillagegg@icio.us,resource3,Gmail,2,2022-02-05T23:09:03Z,"+20 Contains PII (data classified as Restricted) | +15 Data shared externally (outside organization) | +10 Significant number of records affected (807) | +15 Suspicious activity detected by event classifier | +10 High-risk action performed (export or policy change) | +5 Weak authentication used (password only, no MFA/SSO) | +5 Two related events correlated into a single incident"
INC-00095,80,Critical,hfassetrf@si.edu,resource2,Google Drive,2,2022-03-26T10:25:32Z,"+25 Data exposed publicly (highest sharing scope) | +10 Significant number of records affected (788) | +15 Suspicious activity detected by event classifier | +5 Involves Cloud Storage (data exposure risk) | +15 Resource was made public | +5 Weak authentication used (password only, no MFA/SSO) | +5 Two related events correlated into a single incident"
INC-00104,80,Critical,tgrewcockqj@indiegogo.com,resource1,IAM,2,2022-05-11T13:58:24Z,+20 Contains PII (data classified as Restricted) | +25 Data exposed publicly (highest sharing scope) | +10 Significant number of records affected (460) | +10 Involves IAM (privilege escalation / credential risk) | +10 High-risk action performed (export or policy change) | +5 Two related events correlated into a single incident
INC-00105,80,Critical,cwaldockca@soundcloud.com,resource2,Cloud Storage,2,2022-05-17T20:49:31Z,"+15 Data shared externally (outside organization) | +10 Significant number of records affected (990) | +15 Suspicious activity detected by event classifier | +10 Suspicious action succeeded (confirmed exfiltration risk) | +10 Involves BigQuery (high-volume data export risk) | +10 High-risk action performed (export or policy change) | +5 Weak authentication used (password only, no MFA/SSO) | +5 Two related events correlated into a single incident"
INC-00111,80,Critical,dfieldhouse2f@scientificamerican.com,resource3,Gmail,2,2022-06-24T20:50:52Z,+25 Data exposed publicly (highest sharing scope) | +10 Significant number of records affected (655) | +15 Suspicious activity detected by event classifier | +10 Suspicious action succeeded (confirmed exfiltration risk) | +5 Involves Cloud Storage (data exposure risk) | +10 High-risk action performed (export or policy change) | +5 Two related events correlated into a single incident
INC-00130,80,Critical,hpoolejg@deliciousdays.com,resource1,IAM,2,2022-09-02T03:33:11Z,+25 Data exposed publicly (highest sharing scope) | +10 Significant number of records affected (855) | +15 Suspicious activity detected by event classifier | +5 High-risk action completed successfully | +10 Involves IAM (privilege escalation / credential risk) | +10 High-risk action performed (export or policy change) | +5 Two related events correlated into a single incident
INC-00152,80,Critical,erodinger5w@nbcnews.com,resource3,Gmail,2,2022-12-15T08:14:35Z,+20 Contains PII (data classified as Restricted) | +25 Data exposed publicly (highest sharing scope) | +10 Significant number of records affected (591) | +5 High-risk action completed successfully | +5 Involves Cloud Storage (data exposure risk) | +10 High-risk action performed (export or policy change) | +5 Two related events correlated into a single incident
INC-00165,80,Critical,wsargeaunt5x@wsj.com,resource2,Google Drive,1,2022-01-06T22:27:05Z,"+20 Contains PII (data classified as Restricted) | +5 Data shared internally | +10 Significant number of records affected (230) | +15 Suspicious activity detected by event classifier | +10 Suspicious action succeeded (confirmed exfiltration risk) | +15 Resource was made public | +5 Weak authentication used (password only, no MFA/SSO)"
INC-00184,80,Critical,gspeere5r@wp.com,resource3,IAM,1,2022-01-17T06:27:22Z,"+20 Contains PII (data classified as Restricted) | +10 Significant number of records affected (213) | +15 Suspicious activity detected by event classifier | +10 Suspicious action succeeded (confirmed exfiltration risk) | +10 Involves IAM (privilege escalation / credential risk) | +10 High-risk action performed (export or policy change) | +5 Weak authentication used (password only, no MFA/SSO)"
INC-00198,80,Critical,bvarns9w@microsoft.com,resource2,Google Drive,1,2022-01-22T10:37:42Z,+20 Contains PII (data classified as Restricted) | +15 Data shared externally (outside organization) | +10 Significant number of records affected (622) | +15 Suspicious activity detected by event classifier | +10 Suspicious action succeeded (confirmed exfiltration risk) | +10 High-risk action performed (export or policy change)
INC-00212,80,Critical,jbroadberriedq@shop-pro.jp,resource3,Cloud Storage,1,2022-01-27T12:52:24Z,"+20 Contains PII (data classified as Restricted) | +5 Data shared internally | +10 Significant number of records affected (361) | +15 Suspicious activity detected by event classifier | +10 Suspicious action succeeded (confirmed exfiltration risk) | +5 Involves Cloud Storage (data exposure risk) | +10 High-risk action performed (export or policy change) | +5 Weak authentication used (password only, no MFA/SSO)"
INC-00231,80,Critical,sshowerf1@bizjournals.com,resource2,Google Drive,1,2022-02-04T20:27:46Z,+20 Contains PII (data classified as Restricted) | +15 Data shared externally (outside organization) | +5 Multiple records affected (54) | +15 Suspicious activity detected by event classifier | +10 Suspicious action succeeded (confirmed exfiltration risk) | +15 Resource was made public
INC-00260,80,Critical,mpedicanj5@about.me,resource2,BigQuery,1,2022-02-22T14:14:33Z,+20 Contains PII (data classified as Restricted) | +15 Data shared externally (outside organization) | +10 Significant number of records affected (623) | +15 Suspicious activity detected by event classifier | +10 Suspicious action succeeded (confirmed exfiltration risk) | +10 Involves BigQuery (high-volume data export risk)
INC-00312,80,Critical,smiddle5m@yandex.ru,resource3,Cloud Storage,1,2022-03-19T13:04:30Z,+20 Contains PII (data classified as Restricted) | +15 Data shared externally (outside organization) | +10 Significant number of records affected (646) | +15 Suspicious activity detected by event classifier | +5 Involves Cloud Storage (data exposure risk) | +15 Resource was made public
INC-00340,80,Critical,tcastrobl@yahoo.co.jp,resource1,IAM,1,2022-04-02T04:24:24Z,+20 Contains PII (data classified as Restricted) | +5 Data shared internally | +10 Significant number of records affected (730) | +15 Suspicious activity detected by event classifier | +10 Suspicious action succeeded (confirmed exfiltration risk) | +10 Involves IAM (privilege escalation / credential risk) | +10 High-risk action performed (export or policy change)
INC-00354,80,Critical,pstaynes52@behance.net,resource1,Gmail,1,2022-04-06T21:12:22Z,+20 Contains PII (data classified as Restricted) | +15 Data shared externally (outside organization) | +10 Significant number of records affected (786) | +15 Suspicious activity detected by event classifier | +10 Suspicious action succeeded (confirmed exfiltration risk) | +10 High-risk action performed (export or policy change)
INC-00433,80,Critical,dwharf6r@cnbc.com,resource2,BigQuery,1,2022-05-23T10:27:36Z,+20 Contains PII (data classified as Restricted) | +15 Data shared externally (outside organization) | +10 Significant number of records affected (578) | +15 Suspicious activity detected by event classifier | +10 Involves BigQuery (high-volume data export risk) | +10 High-risk action performed (export or policy change)
INC-00515,80,Critical,gstairsfg@linkedin.com,resource2,Gmail,1,2022-07-07T21:49:51Z,"+25 Data exposed publicly (highest sharing scope) | +10 Significant number of records affected (465) | +15 Suspicious activity detected by event classifier | +10 Suspicious action succeeded (confirmed exfiltration risk) | +15 Resource was made public | +5 Weak authentication used (password only, no MFA/SSO)"
INC-00523,80,Critical,srobkerot@bing.com,resource2,Cloud Storage,1,2022-07-10T13:56:51Z,"+20 Contains PII (data classified as Restricted) | +10 Significant number of records affected (912) | +15 Suspicious activity detected by event classifier | +10 Suspicious action succeeded (confirmed exfiltration risk) | +5 Involves Cloud Storage (data exposure risk) | +15 Resource was made public | +5 Weak authentication used (password only, no MFA/SSO)"
INC-00532,80,Critical,lsanderse5@devhub.com,resource1,BigQuery,1,2022-07-15T06:17:34Z,+20 Contains PII (data classified as Restricted) | +15 Data shared externally (outside organization) | +10 Significant number of records affected (250) | +15 Suspicious activity detected by event classifier | +10 Suspicious action succeeded (confirmed exfiltration risk) | +10 Involves BigQuery (high-volume data export risk)
INC-00599,80,Critical,amacknightje@bigcartel.com,resource2,Gmail,1,2022-08-25T00:11:45Z,+20 Contains PII (data classified as Restricted) | +25 Data exposed publicly (highest sharing scope) | +10 Significant number of records affected (336) | +15 Suspicious activity detected by event classifier | +10 Suspicious action succeeded (confirmed exfiltration risk)
INC-00664,80,Critical,whorryky@blogspot.com,resource3,Gmail,1,2022-10-02T07:22:57Z,"+20 Contains PII (data classified as Restricted) | +15 Data shared externally (outside organization) | +10 Significant number of records affected (709) | +15 Suspicious activity detected by event classifier | +15 Resource was made public | +5 Weak authentication used (password only, no MFA/SSO)"
INC-00688,80,Critical,mmuskerfn@eventbrite.com,resource2,Google Drive,1,2022-10-16T01:25:37Z,+20 Contains PII (data classified as Restricted) | +25 Data exposed publicly (highest sharing scope) | +10 Significant number of records affected (460) | +15 Suspicious activity detected by event classifier | +10 High-risk action performed (export or policy change)
INC-00695,80,Critical,srowtern3@dailymail.co.uk,resource3,Cloud Storage,1,2022-10-20T23:39:15Z,"+20 Contains PII (data classified as Restricted) | +25 Data exposed publicly (highest sharing scope) | +10 Significant number of records affected (698) | +15 Suspicious activity detected by event classifier | +5 Involves Cloud Storage (data exposure risk) | +5 Weak authentication used (password only, no MFA/SSO)"
INC-00706,80,Critical,ftummasuttio8@answers.com,resource2,Gmail,1,2022-10-30T00:25:27Z,+20 Contains PII (data classified as Restricted) | +25 Data exposed publicly (highest sharing scope) | +10 Significant number of records affected (378) | +15 Suspicious activity detected by event classifier | +10 Suspicious action succeeded (confirmed exfiltration risk)
INC-00754,80,Critical,lkingswoldfr@multiply.com,resource2,Cloud Storage,1,2022-11-23T01:53:44Z,+20 Contains PII (data classified as Restricted) | +25 Data exposed publicly (highest sharing scope) | +10 Significant number of records affected (270) | +5 High-risk action completed successfully | +5 Involves Cloud Storage (data exposure risk) | +15 Resource was made public
INC-00760,80,Critical,cregorzkf@twitter.com,resource2,BigQuery,1,2022-11-25T19:01:20Z,+20 Contains PII (data classified as Restricted) | +10 Significant number of records affected (583) | +15 Suspicious activity detected by event classifier | +10 Suspicious action succeeded (confirmed exfiltration risk) | +10 Involves BigQuery (high-volume data export risk) | +15 Resource was made public
INC-00794,80,Critical,kmatevushevja@npr.org,resource2,IAM,1,2022-12-14T12:22:24Z,+25 Data exposed publicly (highest sharing scope) | +10 Significant number of records affected (870) | +15 Suspicious activity detected by event classifier | +10 Suspicious action succeeded (confirmed exfiltration risk) | +10 Involves IAM (privilege escalation / credential risk) | +10 High-risk action performed (export or policy change)
INC-00810,80,Critical,cstevensjs@gmpg.org,resource3,Gmail,1,2022-12-25T13:59:16Z,+20 Contains PII (data classified as Restricted) | +25 Data exposed publicly (highest sharing scope) | +10 Significant number of records affected (414) | +15 Suspicious activity detected by event classifier | +10 High-risk action performed (export or policy change)
INC-00040,78,Critical,amartinuzzib8@edublogs.org,resource3,IAM,2,2022-07-21T21:39:59Z,"+15 Data shared externally (outside organization) | +10 Significant number of records affected (521) | +15 Suspicious activity detected by event classifier | +10 Suspicious action succeeded (confirmed exfiltration risk) | +10 Involves IAM (privilege escalation / credential risk) | +8 Data movement action performed (download or share) | +5 Weak authentication used (password only, no MFA/SSO) | +5 Two related events correlated into a single incident"
INC-00121,78,Critical,cbessentno@zdnet.com,resource1,BigQuery,2,2022-07-11T02:29:41Z,+20 Contains PII (data classified as Restricted) | +25 Data exposed publicly (highest sharing scope) | +10 Significant number of records affected (311) | +10 Involves BigQuery (high-volume data export risk) | +8 Data movement action performed (download or share) | +5 Two related events correlated into a single incident
INC-00139,78,Critical,keliyahu6i@friendfeed.com,resource3,Google Drive,2,2022-10-16T05:17:22Z,"+20 Contains PII (data classified as Restricted) | +15 Data shared externally (outside organization) | +10 Significant number of records affected (447) | +15 Suspicious activity detected by event classifier | +8 Data movement action performed (download or share) | +5 Weak authentication used (password only, no MFA/SSO) | +5 Two related events correlated into a single incident"
INC-00163,78,Critical,pmcclounanp2@sfgate.com,resource1,Cloud Storage,1,2022-01-05T11:14:21Z,"+20 Contains PII (data classified as Restricted) | +15 Data shared externally (outside organization) | +10 Significant number of records affected (470) | +15 Suspicious activity detected by event classifier | +5 Involves Cloud Storage (data exposure risk) | +8 Data movement action performed (download or share) | +5 Weak authentication used (password only, no MFA/SSO)"
INC-00248,78,Critical,rvalerifa@ox.ac.uk,resource3,IAM,1,2022-02-18T14:19:17Z,+25 Data exposed publicly (highest sharing scope) | +10 Significant number of records affected (938) | +15 Suspicious activity detected by event classifier | +10 Suspicious action succeeded (confirmed exfiltration risk) | +10 Involves IAM (privilege escalation / credential risk) | +8 Data movement action performed (download or share)
INC-00405,78,Critical,mmcmillang7@t-online.de,resource1,BigQuery,1,2022-05-04T22:16:47Z,+20 Contains PII (data classified as Restricted) | +5 Data shared internally | +10 Significant number of records affected (540) | +15 Suspicious activity detected by event classifier | +10 Suspicious action succeeded (confirmed exfiltration risk) | +10 Involves BigQuery (high-volume data export risk) | +8 Data movement action performed (download or share)
INC-00477,78,Critical,wtyhurstfx@time.com,resource1,IAM,1,2022-06-13T22:04:14Z,"+20 Contains PII (data classified as Restricted) | +25 Data exposed publicly (highest sharing scope) | +10 Significant number of records affected (947) | +10 Involves IAM (privilege escalation / credential risk) | +8 Data movement action performed (download or share) | +5 Weak authentication used (password only, no MFA/SSO)"
INC-00501,78,Critical,wocuddiel4@europa.eu,resource1,Google Drive,1,2022-06-28T06:25:49Z,"+20 Contains PII (data classified as Restricted) | +15 Data shared externally (outside organization) | +5 Multiple records affected (65) | +15 Suspicious activity detected by event classifier | +10 Suspicious action succeeded (confirmed exfiltration risk) | +8 Data movement action performed (download or share) | +5 Weak authentication used (password only, no MFA/SSO)"
INC-00553,78,Critical,nlydalla9@sciencedaily.com,resource2,BigQuery,1,2022-07-24T04:20:12Z,+25 Data exposed publicly (highest sharing scope) | +10 Significant number of records affected (260) | +15 Suspicious activity detected by event classifier | +10 Suspicious action succeeded (confirmed exfiltration risk) | +10 Involves BigQuery (high-volume data export risk) | +8 Data movement action performed (download or share)
INC-00573,78,Critical,acarlettki@wunderground.com,resource2,BigQuery,1,2022-08-11T16:40:55Z,"+20 Contains PII (data classified as Restricted) | +10 Significant number of records affected (792) | +15 Suspicious activity detected by event classifier | +10 Suspicious action succeeded (confirmed exfiltration risk) | +10 Involves BigQuery (high-volume data export risk) | +8 Data movement action performed (download or share) | +5 Weak authentication used (password only, no MFA/SSO)"
INC-00745,78,Critical,callrightj9@prlog.org,resource3,Google Drive,1,2022-11-18T03:31:24Z,+20 Contains PII (data classified as Restricted) | +15 Data shared externally (outside organization) | +10 Significant number of records affected (216) | +15 Suspicious activity detected by event classifier | +10 Suspicious action succeeded (confirmed exfiltration risk) | +8 Data movement action performed (download or share)
INC-00011,75,Critical,tantoinetge@stumbleupon.com,resource1,BigQuery,2,2022-02-26T02:30:02Z,+20 Contains PII (data classified as Restricted) | +15 Data shared externally (outside organization) | +10 Significant number of records affected (882) | +5 High-risk action completed successfully | +10 Involves BigQuery (high-volume data export risk) | +10 High-risk action performed (export or policy change) | +5 Two related events correlated into a single incident
INC-00012,75,Critical,ktophammd@twitter.com,resource1,Gmail,2,2022-03-02T20:21:32Z,"+20 Contains PII (data classified as Restricted) | +15 Data shared externally (outside organization) | +10 Significant number of records affected (850) | +5 High-risk action completed successfully | +5 Involves Cloud Storage (data exposure risk) | +10 High-risk action performed (export or policy change) | +5 Weak authentication used (password only, no MFA/SSO) | +5 Two related events correlated into a single incident"
INC-00015,75,Critical,acraufurdnw@slideshare.net,resource1,IAM,2,2022-03-25T02:57:54Z,+20 Contains PII (data classified as Restricted) | +15 Data shared externally (outside organization) | +10 Significant number of records affected (617) | +15 Suspicious activity detected by event classifier | +10 Involves IAM (privilege escalation / credential risk) | +5 Two related events correlated into a single incident
INC-00024,75,Critical,msurgisonp5@istockphoto.com,resource1,Gmail,2,2022-05-05T02:34:07Z,"+20 Contains PII (data classified as Restricted) | +25 Data exposed publicly (highest sharing scope) | +10 Significant number of records affected (748) | +10 High-risk action performed (export or policy change) | +5 Weak authentication used (password only, no MFA/SSO) | +5 Two related events correlated into a single incident"
INC-00027,75,Critical,smullally2k@google.nl,resource3,Google Drive,2,2022-05-21T08:47:08Z,+25 Data exposed publicly (highest sharing scope) | +10 Significant number of records affected (589) | +15 Suspicious activity detected by event classifier | +10 Involves BigQuery (high-volume data export risk) | +10 High-risk action performed (export or policy change) | +5 Two related events correlated into a single incident
INC-00030,75,Critical,bgoodissonk2@eepurl.com,resource1,Gmail,2,2022-06-17T21:19:08Z,"+20 Contains PII (data classified as Restricted) | +5 Data shared internally | +10 Significant number of records affected (383) | +15 Suspicious activity detected by event classifier | +15 Resource was made public | +5 Weak authentication used (password only, no MFA/SSO) | +5 Two related events correlated into a single incident"
INC-00046,75,Critical,viddienshq@go.com,resource1,Cloud Storage,2,2022-09-03T07:20:13Z,+25 Data exposed publicly (highest sharing scope) | +10 Significant number of records affected (656) | +15 Suspicious activity detected by event classifier | +10 Suspicious action succeeded (confirmed exfiltration risk) | +10 Involves IAM (privilege escalation / credential risk) | +5 Two related events correlated into a single incident
INC-00059,75,Critical,mkenwink0@dagondesign.com,resource1,Gmail,2,2022-10-09T03:06:29Z,+20 Contains PII (data classified as Restricted) | +15 Data shared externally (outside organization) | +10 Significant number of records affected (291) | +15 Suspicious activity detected by event classifier | +10 Suspicious action succeeded (confirmed exfiltration risk) | +5 Two related events correlated into a single incident
INC-00065,75,Critical,hardron4y@tinyurl.com,resource2,Cloud Storage,2,2022-11-14T15:05:36Z,+20 Contains PII (data classified as Restricted) | +25 Data exposed publicly (highest sharing scope) | +5 Multiple records affected (88) | +5 High-risk action completed successfully | +5 Involves Cloud Storage (data exposure risk) | +10 High-risk action performed (export or policy change) | +5 Two related events correlated into a single incident
INC-00068,75,Critical,kalvena6@goo.ne.jp,resource1,BigQuery,2,2022-11-30T14:22:25Z,+20 Contains PII (data classified as Restricted) | +15 Data shared externally (outside organization) | +10 Significant number of records affected (995) | +5 High-risk action completed successfully | +10 Involves BigQuery (high-volume data export risk) | +10 High-risk action performed (export or policy change) | +5 Two related events correlated into a single incident
INC-00074,75,Critical,mstacyql@macromedia.com,resource2,Google Drive,2,2022-01-06T20:33:12Z,+20 Contains PII (data classified as Restricted) | +15 Data shared externally (outside organization) | +10 Significant number of records affected (643) | +5 High-risk action completed successfully | +10 Involves IAM (privilege escalation / credential risk) | +10 High-risk action performed (export or policy change) | +5 Two related events correlated into a single incident
INC-00090,75,Critical,eroston5t@blogger.com,resource3,Gmail,2,2022-02-23T07:56:39Z,+20 Contains PII (data classified as Restricted) | +15 Data shared externally (outside organization) | +10 Significant number of records affected (727) | +15 Suspicious activity detected by event classifier | +10 High-risk action performed (export or policy change) | +5 Two related events correlated into a single incident
INC-00091,75,Critical,rheibl89@nasa.gov,resource3,Gmail,2,2022-02-28T11:22:29Z,+20 Contains PII (data classified as Restricted) | +25 Data exposed publicly (highest sharing scope) | +10 Significant number of records affected (776) | +5 High-risk action completed successfully | +10 High-risk action performed (export or policy change) | +5 Two related events correlated into a single incident
INC-00100,75,Critical,mnapolioneag@fc2.com,resource3,Google Drive,2,2022-04-28T04:08:52Z,+15 Data shared externally (outside organization) | +10 Significant number of records affected (852) | +15 Suspicious activity detected by event classifier | +10 Suspicious action succeeded (confirmed exfiltration risk) | +10 Involves BigQuery (high-volume data export risk) | +10 High-risk action performed (export or policy change) | +5 Two related events correlated into a single incident
INC-00116,75,Critical,wnerne6h@hostgator.com,resource2,Gmail,2,2022-07-04T01:04:05Z,"+20 Contains PII (data classified as Restricted) | +25 Data exposed publicly (highest sharing scope) | +10 Significant number of records affected (795) | +10 Involves BigQuery (high-volume data export risk) | +5 Weak authentication used (password only, no MFA/SSO) | +5 Two related events correlated into a single incident"
INC-00137,75,Critical,sstronghillbj@deliciousdays.com,resource3,Google Drive,2,2022-10-01T12:40:54Z,+20 Contains PII (data classified as Restricted) | +15 Data shared externally (outside organization) | +10 Significant number of records affected (820) | +15 Suspicious activity detected by event classifier | +10 Suspicious action succeeded (confirmed exfiltration risk) | +5 Two related events correlated into a single incident
INC-00156,75,Critical,jcullinan6@woothemes.com,resource3,BigQuery,2,2022-12-28T06:19:51Z,+25 Data exposed publicly (highest sharing scope) | +10 Significant number of records affected (524) | +15 Suspicious activity detected by event classifier | +10 Involves BigQuery (high-volume data export risk) | +10 High-risk action performed (export or policy change) | +5 Two related events correlated into a single incident
INC-00157,75,Critical,tkemmettew@umich.edu,resource2,Cloud Storage,1,2022-01-01T09:14:16Z,"+20 Contains PII (data classified as Restricted) | +10 Significant number of records affected (340) | +15 Suspicious activity detected by event classifier | +10 Suspicious action succeeded (confirmed exfiltration risk) | +5 Involves Cloud Storage (data exposure risk) | +10 High-risk action performed (export or policy change) | +5 Weak authentication used (password only, no MFA/SSO)"
INC-00178,75,Critical,tgrayshan14@webnode.com,resource1,Google Drive,1,2022-01-12T12:22:48Z,"+20 Contains PII (data classified as Restricted) | +15 Data shared externally (outside organization) | +10 Significant number of records affected (842) | +15 Suspicious activity detected by event classifier | +10 High-risk action performed (export or policy change) | +5 Weak authentication used (password only, no MFA/SSO)"
INC-00182,75,Critical,ssearjeant8g@wikipedia.org,resource3,Google Drive,1,2022-01-14T23:42:37Z,"+20 Contains PII (data classified as Restricted) | +15 Data shared externally (outside organization) | +10 Significant number of records affected (701) | +15 Suspicious activity detected by event classifier | +10 Suspicious action succeeded (confirmed exfiltration risk) | +5 Weak authentication used (password only, no MFA/SSO)"
INC-00192,75,Critical,kandrzejakk@ning.com,resource1,Gmail,1,2022-01-19T09:34:54Z,+25 Data exposed publicly (highest sharing scope) | +10 Significant number of records affected (197) | +15 Suspicious activity detected by event classifier | +10 Suspicious action succeeded (confirmed exfiltration risk) | +15 Resource was made public
INC-00259,75,Critical,lmcerlaine3n@php.net,resource1,Gmail,1,2022-02-22T04:31:16Z,+20 Contains PII (data classified as Restricted) | +15 Data shared externally (outside organization) | +10 Significant number of records affected (497) | +15 Suspicious activity detected by event classifier | +15 Resource was made public
INC-00283,75,Critical,agyfordhn@state.gov,resource2,BigQuery,1,2022-03-06T10:28:35Z,+25 Data exposed publicly (highest sharing scope) | +10 Significant number of records affected (654) | +15 Suspicious activity detected by event classifier | +10 Involves BigQuery (high-volume data export risk) | +15 Resource was made public
INC-00325,75,Critical,fraselldy@dmoz.org,resource1,Cloud Storage,1,2022-03-25T17:56:00Z,+20 Contains PII (data classified as Restricted) | +25 Data exposed publicly (highest sharing scope) | +10 Significant number of records affected (454) | +5 Involves Cloud Storage (data exposure risk) | +15 Resource was made public
INC-00332,75,Critical,jnilgeskt@google.ru,resource1,BigQuery,1,2022-03-28T20:42:08Z,+20 Contains PII (data classified as Restricted) | +25 Data exposed publicly (highest sharing scope) | +10 Significant number of records affected (160) | +10 Involves BigQuery (high-volume data export risk) | +10 High-risk action performed (export or policy change)
INC-00333,75,Critical,jbenninckbz@cbsnews.com,resource2,BigQuery,1,2022-03-29T03:42:24Z,+20 Contains PII (data classified as Restricted) | +25 Data exposed publicly (highest sharing scope) | +10 Significant number of records affected (339) | +10 Involves BigQuery (high-volume data export risk) | +10 High-risk action performed (export or policy change)
INC-00335,75,Critical,sregglarqc@psu.edu,resource3,Gmail,1,2022-03-30T19:01:47Z,+20 Contains PII (data classified as Restricted) | +5 Data shared internally | +10 Significant number of records affected (530) | +15 Suspicious activity detected by event classifier | +10 Suspicious action succeeded (confirmed exfiltration risk) | +15 Resource was made public
INC-00364,75,Critical,ayoseloffgv@oaic.gov.au,resource2,Google Drive,1,2022-04-11T07:15:32Z,"+20 Contains PII (data classified as Restricted) | +25 Data exposed publicly (highest sharing scope) | +10 Significant number of records affected (115) | +15 Suspicious activity detected by event classifier | +5 Weak authentication used (password only, no MFA/SSO)"
INC-00398,75,Critical,crosel6e@senate.gov,resource2,Gmail,1,2022-05-01T03:16:34Z,"+20 Contains PII (data classified as Restricted) | +5 Data shared internally | +10 Significant number of records affected (115) | +15 Suspicious activity detected by event classifier | +10 Suspicious action succeeded (confirmed exfiltration risk) | +10 High-risk action performed (export or policy change) | +5 Weak authentication used (password only, no MFA/SSO)"
INC-00413,75,Critical,amedlarfz@oracle.com,resource3,BigQuery,1,2022-05-09T14:43:05Z,+15 Data shared externally (outside organization) | +10 Significant number of records affected (224) | +15 Suspicious activity detected by event classifier | +10 Suspicious action succeeded (confirmed exfiltration risk) | +10 Involves BigQuery (high-volume data export risk) | +15 Resource was made public
INC-00421,75,Critical,crubra9t@qq.com,resource1,IAM,1,2022-05-15T13:13:44Z,+20 Contains PII (data classified as Restricted) | +15 Data shared externally (outside organization) | +10 Significant number of records affected (130) | +5 High-risk action completed successfully | +10 Involves IAM (privilege escalation / credential risk) | +15 Resource was made public
INC-00451,75,Critical,mcrabhd@lulu.com,resource2,BigQuery,1,2022-05-31T17:43:22Z,"+20 Contains PII (data classified as Restricted) | +15 Data shared externally (outside organization) | +10 Significant number of records affected (322) | +10 Involves BigQuery (high-volume data export risk) | +15 Resource was made public | +5 Weak authentication used (password only, no MFA/SSO)"
INC-00456,75,Critical,lnunanqg@cargocollective.com,resource1,IAM,1,2022-06-02T18:10:57Z,"+15 Data shared externally (outside organization) | +10 Significant number of records affected (717) | +15 Suspicious activity detected by event classifier | +10 Suspicious action succeeded (confirmed exfiltration risk) | +10 Involves IAM (privilege escalation / credential risk) | +10 High-risk action performed (export or policy change) | +5 Weak authentication used (password only, no MFA/SSO)"
INC-00463,75,Critical,mfistb0@prlog.org,resource1,Google Drive,1,2022-06-06T09:55:58Z,+20 Contains PII (data classified as Restricted) | +15 Data shared externally (outside organization) | +5 Multiple records affected (52) | +15 Suspicious activity detected by event classifier | +10 Suspicious action succeeded (confirmed exfiltration risk) | +10 High-risk action performed (export or policy change)
INC-00469,75,Critical,shankina3@ox.ac.uk,resource1,Gmail,1,2022-06-10T20:01:57Z,+20 Contains PII (data classified as Restricted) | +5 Data shared internally | +10 Significant number of records affected (181) | +15 Suspicious activity detected by event classifier | +10 Suspicious action succeeded (confirmed exfiltration risk) | +15 Resource was made public
INC-00506,75,Critical,gpfeffelo9@tumblr.com,resource3,Google Drive,1,2022-07-01T02:15:34Z,"+20 Contains PII (data classified as Restricted) | +25 Data exposed publicly (highest sharing scope) | +10 Significant number of records affected (627) | +15 Suspicious activity detected by event classifier | +5 Weak authentication used (password only, no MFA/SSO)"
INC-00584,75,Critical,fdeortegaes@japanpost.jp,resource3,Gmail,1,2022-08-15T11:16:21Z,+25 Data exposed publicly (highest sharing scope) | +10 Significant number of records affected (177) | +15 Suspicious activity detected by event classifier | +10 Suspicious action succeeded (confirmed exfiltration risk) | +15 Resource was made public
INC-00737,75,Critical,ftyresp9@ucoz.com,resource2,Cloud Storage,1,2022-11-13T17:59:59Z,+20 Contains PII (data classified as Restricted) | +25 Data exposed publicly (highest sharing scope) | +10 Significant number of records affected (906) | +15 Suspicious activity detected by event classifier | +5 Involves Cloud Storage (data exposure risk)
INC-00761,75,Critical,ajanskyf5@mail.ru,resource3,IAM,1,2022-11-25T20:52:35Z,+20 Contains PII (data classified as Restricted) | +25 Data exposed publicly (highest sharing scope) | +10 Significant number of records affected (391) | +10 Involves IAM (privilege escalation / credential risk) | +10 High-risk action performed (export or policy change)
INC-00770,75,Critical,pgidleyrk@whitehouse.gov,resource3,IAM,1,2022-11-30T16:22:13Z,"+20 Contains PII (data classified as Restricted) | +5 Data shared internally | +10 Significant number of records affected (732) | +15 Suspicious activity detected by event classifier | +10 Suspicious action succeeded (confirmed exfiltration risk) | +10 Involves IAM (privilege escalation / credential risk) | +5 Weak authentication used (password only, no MFA/SSO)"
INC-00771,75,Critical,fpiddletown43@utexas.edu,resource1,Cloud Storage,1,2022-11-30T17:15:41Z,"+20 Contains PII (data classified as Restricted) | +15 Data shared externally (outside organization) | +10 Significant number of records affected (885) | +5 High-risk action completed successfully | +5 Involves Cloud Storage (data exposure risk) | +15 Resource was made public | +5 Weak authentication used (password only, no MFA/SSO)"
INC-00050,73,High,ewillsmore9u@cbsnews.com,resource1,Gmail,2,2022-09-07T14:45:24Z,"+20 Contains PII (data classified as Restricted) | +25 Data exposed publicly (highest sharing scope) | +10 Significant number of records affected (785) | +8 Data movement action performed (download or share) | +5 Weak authentication used (password only, no MFA/SSO) | +5 Two related events correlated into a single incident"
INC-00060,73,High,sveltmancc@arizona.edu,resource3,BigQuery,2,2022-10-23T01:52:06Z,+15 Data shared externally (outside organization) | +10 Significant number of records affected (188) | +15 Suspicious activity detected by event classifier | +10 Suspicious action succeeded (confirmed exfiltration risk) | +10 Involves BigQuery (high-volume data export risk) | +8 Data movement action performed (download or share) | +5 Two related events correlated into a single incident
INC-00107,73,High,aollier8c@t-online.de,resource3,Google Drive,2,2022-04-19T20:19:15Z,"+20 Contains PII (data classified as Restricted) | +25 Data exposed publicly (highest sharing scope) | +10 Significant number of records affected (484) | +8 Data movement action performed (download or share) | +5 Weak authentication used (password only, no MFA/SSO) | +5 Two related events correlated into a single incident"
INC-00109,73,High,bcollinge6d@dion.ne.jp,resource3,BigQuery,2,2022-06-09T21:46:08Z,+20 Contains PII (data classified as Restricted) | +15 Data shared externally (outside organization) | +10 Significant number of records affected (997) | +5 High-risk action completed successfully | +10 Involves BigQuery (high-volume data export risk) | +8 Data movement action performed (download or share) | +5 Two related events correlated into a single incident
INC-00125,73,High,lshellshear3c@skype.com,resource2,Gmail,2,2022-08-14T19:58:09Z,+25 Data exposed publicly (highest sharing scope) | +10 Significant number of records affected (897) | +15 Suspicious activity detected by event classifier | +10 Suspicious action succeeded (confirmed exfiltration risk) | +8 Data movement action performed (download or share) | +5 Two related events correlated into a single incident
INC-00227,73,High,babbottsqv@google.it,resource3,BigQuery,1,2022-01-31T09:51:33Z,+20 Contains PII (data classified as Restricted) | +10 Significant number of records affected (761) | +15 Suspicious activity detected by event classifier | +10 Suspicious action succeeded (confirmed exfiltration risk) | +10 Involves BigQuery (high-volume data export risk) | +8 Data movement action performed (download or share)
INC-00244,73,High,cwilcocklr@washington.edu,resource3,IAM,1,2022-02-14T11:53:42Z,"+20 Contains PII (data classified as Restricted) | +15 Data shared externally (outside organization) | +10 Significant number of records affected (549) | +5 High-risk action completed successfully | +10 Involves IAM (privilege escalation / credential risk) | +8 Data movement action performed (download or share) | +5 Weak authentication used (password only, no MFA/SSO)"
INC-00304,73,High,tcoulthart4e@google.it,resource1,IAM,1,2022-03-16T18:58:29Z,"+20 Contains PII (data classified as Restricted) | +15 Data shared externally (outside organization) | +10 Significant number of records affected (157) | +5 High-risk action completed successfully | +10 Involves IAM (privilege escalation / credential risk) | +8 Data movement action performed (download or share) | +5 Weak authentication used (password only, no MFA/SSO)"
INC-00388,73,High,eohagirtie4a@patch.com,resource2,Gmail,1,2022-04-22T05:22:32Z,+20 Contains PII (data classified as Restricted) | +15 Data shared externally (outside organization) | +5 Multiple records affected (50) | +15 Suspicious activity detected by event classifier | +10 Suspicious action succeeded (confirmed exfiltration risk) | +8 Data movement action performed (download or share)
INC-00391,73,High,mkeuneib@sohu.com,resource1,Cloud Storage,1,2022-04-23T08:21:27Z,+20 Contains PII (data classified as Restricted) | +5 Data shared internally | +10 Significant number of records affected (133) | +15 Suspicious activity detected by event classifier | +10 Suspicious action succeeded (confirmed exfiltration risk) | +5 Involves Cloud Storage (data exposure risk) | +8 Data movement action performed (download or share)
INC-00402,73,High,ccodronen@latimes.com,resource1,Cloud Storage,1,2022-05-01T15:51:24Z,+20 Contains PII (data classified as Restricted) | +25 Data exposed publicly (highest sharing scope) | +10 Significant number of records affected (525) | +5 High-risk action completed successfully | +5 Involves Cloud Storage (data exposure risk) | +8 Data movement action performed (download or share)
INC-00423,73,High,swoodthorpedu@statcounter.com,resource1,Gmail,1,2022-05-17T11:53:26Z,"+20 Contains PII (data classified as Restricted) | +5 Data shared internally | +10 Significant number of records affected (131) | +15 Suspicious activity detected by event classifier | +10 Suspicious action succeeded (confirmed exfiltration risk) | +8 Data movement action performed (download or share) | +5 Weak authentication used (password only, no MFA/SSO)"
INC-00631,73,High,adankobp@tinypic.com,resource1,Cloud Storage,1,2022-09-12T21:30:41Z,+20 Contains PII (data classified as Restricted) | +5 Data shared internally | +10 Significant number of records affected (938) | +15 Suspicious activity detected by event classifier | +10 Suspicious action succeeded (confirmed exfiltration risk) | +5 Involves Cloud Storage (data exposure risk) | +8 Data movement action performed (download or share)
INC-00670,73,High,isowrey38@list-manage.com,resource3,BigQuery,1,2022-10-04T15:20:57Z,"+20 Contains PII (data classified as Restricted) | +15 Data shared externally (outside organization) | +10 Significant number of records affected (746) | +5 High-risk action completed successfully | +10 Involves BigQuery (high-volume data export risk) | +8 Data movement action performed (download or share) | +5 Weak authentication used (password only, no MFA/SSO)"
INC-00729,73,High,jmenham3l@addthis.com,resource1,BigQuery,1,2022-11-10T16:58:15Z,+20 Contains PII (data classified as Restricted) | +10 Significant number of records affected (454) | +15 Suspicious activity detected by event classifier | +10 Suspicious action succeeded (confirmed exfiltration risk) | +10 Involves BigQuery (high-volume data export risk) | +8 Data movement action performed (download or share)
INC-00741,73,High,hbarsameo@dropbox.com,resource2,Cloud Storage,1,2022-11-16T02:42:41Z,+20 Contains PII (data classified as Restricted) | +5 Data shared internally | +10 Significant number of records affected (437) | +15 Suspicious activity detected by event classifier | +10 Suspicious action succeeded (confirmed exfiltration risk) | +5 Involves Cloud Storage (data exposure risk) | +8 Data movement action performed (download or share)
INC-00756,73,High,uwickie8@phoca.cz,resource2,IAM,1,2022-11-23T13:04:46Z,+20 Contains PII (data classified as Restricted) | +10 Significant number of records affected (371) | +15 Suspicious activity detected by event classifier | +10 Suspicious action succeeded (confirmed exfiltration risk) | +10 Involves IAM (privilege escalation / credential risk) | +8 Data movement action performed (download or share)
INC-00032,70,High,kgetcliffe9o@naver.com,resource1,Gmail,2,2022-02-21T17:23:01Z,+20 Contains PII (data classified as Restricted) | +5 Data shared internally | +10 Significant number of records affected (966) | +15 Suspicious activity detected by event classifier | +15 Resource was made public | +5 Two related events correlated into a single incident
INC-00052,70,High,smaffionipm@paypal.com,resource1,IAM,2,2022-10-03T13:03:35Z,"+20 Contains PII (data classified as Restricted) | +5 Data shared internally | +10 Significant number of records affected (902) | +15 Suspicious activity detected by event classifier | +10 Involves IAM (privilege escalation / credential risk) | +5 Weak authentication used (password only, no MFA/SSO) | +5 Two related events correlated into a single incident"
INC-00078,70,High,wwhyborneg6@icq.com,resource3,IAM,2,2022-01-11T16:03:24Z,"+25 Data exposed publicly (highest sharing scope) | +10 Significant number of records affected (855) | +10 Involves IAM (privilege escalation / credential risk) | +15 Resource was made public | +5 Weak authentication used (password only, no MFA/SSO) | +5 Two related events correlated into a single incident"
INC-00087,70,High,bkestenhy@unc.edu,resource3,Cloud Storage,2,2022-02-11T14:59:05Z,+20 Contains PII (data classified as Restricted) | +15 Data shared externally (outside organization) | +10 Significant number of records affected (877) | +15 Suspicious activity detected by event classifier | +5 Involves Cloud Storage (data exposure risk) | +5 Two related events correlated into a single incident
INC-00115,70,High,mgoodwelllj@imgur.com,resource2,Google Drive,2,2022-06-19T00:30:07Z,+25 Data exposed publicly (highest sharing scope) | +10 Significant number of records affected (479) | +15 Suspicious activity detected by event classifier | +15 Resource was made public | +5 Two related events correlated into a single incident
INC-00161,70,High,ldanilovcd@nba.com,resource3,IAM,1,2022-01-04T02:08:21Z,+20 Contains PII (data classified as Restricted) | +5 Data shared internally | +10 Significant number of records affected (763) | +15 Suspicious activity detected by event classifier | +10 Involves IAM (privilege escalation / credential risk) | +10 High-risk action performed (export or policy change)
INC-00181,70,High,mmildmott3r@comsenz.com,resource2,Cloud Storage,1,2022-01-14T23:07:49Z,"+20 Contains PII (data classified as Restricted) | +5 Data shared internally | +10 Significant number of records affected (807) | +15 Suspicious activity detected by event classifier | +5 Involves Cloud Storage (data exposure risk) | +10 High-risk action performed (export or policy change) | +5 Weak authentication used (password only, no MFA/SSO)"
INC-00190,70,High,stissier2w@tuttocitta.it,resource2,Gmail,1,2022-01-18T07:45:34Z,+20 Contains PII (data classified as Restricted) | +25 Data exposed publicly (highest sharing scope) | +10 Significant number of records affected (805) | +5 High-risk action completed successfully | +10 High-risk action performed (export or policy change)
INC-00197,70,High,aaltree78@mayoclinic.com,resource1,IAM,1,2022-01-22T01:52:22Z,+20 Contains PII (data classified as Restricted) | +10 Significant number of records affected (243) | +15 Suspicious activity detected by event classifier | +10 Involves IAM (privilege escalation / credential risk) | +15 Resource was made public
INC-00229,70,High,coconnellp4@booking.com,resource2,BigQuery,1,2022-01-31T17:45:31Z,"+20 Contains PII (data classified as Restricted) | +25 Data exposed publicly (highest sharing scope) | +10 Significant number of records affected (753) | +10 Involves BigQuery (high-volume data export risk) | +5 Weak authentication used (password only, no MFA/SSO)"
INC-00239,70,High,ejosselsohnmb@google.com.br,resource3,IAM,1,2022-02-11T03:00:42Z,+25 Data exposed publicly (highest sharing scope) | +10 Significant number of records affected (712) | +15 Suspicious activity detected by event classifier | +10 Suspicious action succeeded (confirmed exfiltration risk) | +10 Involves IAM (privilege escalation / credential risk)
INC-00247,70,High,cdivesd4@ucla.edu,resource1,Gmail,1,2022-02-16T09:24:15Z,+20 Contains PII (data classified as Restricted) | +25 Data exposed publicly (highest sharing scope) | +10 Significant number of records affected (875) | +15 Resource was made public
INC-00262,70,High,gbaudrey1y@who.int,resource3,BigQuery,1,2022-02-23T01:07:14Z,"+20 Contains PII (data classified as Restricted) | +10 Significant number of records affected (501) | +15 Suspicious activity detected by event classifier | +10 Suspicious action succeeded (confirmed exfiltration risk) | +10 Involves BigQuery (high-volume data export risk) | +5 Weak authentication used (password only, no MFA/SSO)"
INC-00278,70,High,pdary7b@ovh.net,resource3,Google Drive,1,2022-03-03T19:04:57Z,+20 Contains PII (data classified as Restricted) | +15 Data shared externally (outside organization) | +10 Significant number of records affected (112) | +15 Suspicious activity detected by event classifier | +10 High-risk action performed (export or policy change)
INC-00290,70,High,ndugglebyih@sbwire.com,resource2,BigQuery,1,2022-03-09T03:28:38Z,+25 Data exposed publicly (highest sharing scope) | +10 Significant number of records affected (357) | +15 Suspicious activity detected by event classifier | +10 Involves BigQuery (high-volume data export risk) | +10 High-risk action performed (export or policy change)
INC-00323,70,High,rlack15@edublogs.org,resource3,Google Drive,1,2022-03-23T16:41:27Z,+20 Contains PII (data classified as Restricted) | +25 Data exposed publicly (highest sharing scope) | +10 Significant number of records affected (685) | +15 Suspicious activity detected by event classifier
INC-00328,70,High,mvanninimk@mapquest.com,resource3,Google Drive,1,2022-03-26T15:15:44Z,+25 Data exposed publicly (highest sharing scope) | +10 Significant number of records affected (591) | +15 Suspicious activity detected by event classifier | +10 Suspicious action succeeded (confirmed exfiltration risk) | +10 High-risk action performed (export or policy change)
INC-00355,70,High,bdixcey2y@admin.ch,resource3,BigQuery,1,2022-04-07T03:10:02Z,+20 Contains PII (data classified as Restricted) | +5 Data shared internally | +10 Significant number of records affected (824) | +15 Suspicious activity detected by event classifier | +10 Suspicious action succeeded (confirmed exfiltration risk) | +10 Involves BigQuery (high-volume data export risk)
INC-00373,70,High,ntregidgaox@mapquest.com,resource2,BigQuery,1,2022-04-15T19:45:55Z,"+20 Contains PII (data classified as Restricted) | +5 Data shared internally | +10 Significant number of records affected (673) | +5 High-risk action completed successfully | +10 Involves BigQuery (high-volume data export risk) | +15 Resource was made public | +5 Weak authentication used (password only, no MFA/SSO)"
INC-00396,70,High,lzannuttibv@who.int,resource3,BigQuery,1,2022-04-29T00:27:25Z,+20 Contains PII (data classified as Restricted) | +5 Data shared internally | +10 Significant number of records affected (860) | +15 Suspicious activity detected by event classifier | +10 Suspicious action succeeded (confirmed exfiltration risk) | +10 Involves BigQuery (high-volume data export risk)
INC-00407,70,High,derridge1k@ask.com,resource1,Google Drive,1,2022-05-05T08:46:15Z,+20 Contains PII (data classified as Restricted) | +5 Data shared internally | +10 Significant number of records affected (508) | +15 Suspicious activity detected by event classifier | +10 Suspicious action succeeded (confirmed exfiltration risk) | +10 High-risk action performed (export or policy change)
INC-00408,70,High,cbullan5h@t.co,resource1,BigQuery,1,2022-05-06T17:40:21Z,+20 Contains PII (data classified as Restricted) | +5 Data shared internally | +10 Significant number of records affected (876) | +15 Suspicious activity detected by event classifier | +10 Suspicious action succeeded (confirmed exfiltration risk) | +10 Involves BigQuery (high-volume data export risk)
INC-00499,70,High,atedridgeld@seesaa.net,resource1,Cloud Storage,1,2022-06-27T07:27:31Z,+25 Data exposed publicly (highest sharing scope) | +10 Significant number of records affected (559) | +15 Suspicious activity detected by event classifier | +5 Involves Cloud Storage (data exposure risk) | +15 Resource was made public
INC-00510,70,High,wjolliecl@altervista.org,resource3,IAM,1,2022-07-03T13:05:35Z,+25 Data exposed publicly (highest sharing scope) | +10 Significant number of records affected (636) | +15 Suspicious activity detected by event classifier | +10 Involves IAM (privilege escalation / credential risk) | +10 High-risk action performed (export or policy change)
INC-00527,70,High,atompkinsed@163.com,resource2,IAM,1,2022-07-14T02:50:28Z,+25 Data exposed publicly (highest sharing scope) | +10 Significant number of records affected (799) | +15 Suspicious activity detected by event classifier | +10 Involves IAM (privilege escalation / credential risk) | +10 High-risk action performed (export or policy change)
INC-00594,70,High,jhambletonri@behance.net,resource3,IAM,1,2022-08-21T02:04:21Z,"+20 Contains PII (data classified as Restricted) | +10 Significant number of records affected (596) | +15 Suspicious activity detected by event classifier | +10 Suspicious action succeeded (confirmed exfiltration risk) | +10 Involves IAM (privilege escalation / credential risk) | +5 Weak authentication used (password only, no MFA/SSO)"
INC-00597,70,High,bwase8p@gravatar.com,resource1,Google Drive,1,2022-08-24T04:34:31Z,+20 Contains PII (data classified as Restricted) | +25 Data exposed publicly (highest sharing scope) | +10 Significant number of records affected (303) | +15 Resource was made public
INC-00618,70,High,loulett9l@github.com,resource1,Cloud Storage,1,2022-09-05T06:52:06Z,+20 Contains PII (data classified as Restricted) | +25 Data exposed publicly (highest sharing scope) | +10 Significant number of records affected (869) | +5 Involves Cloud Storage (data exposure risk) | +10 High-risk action performed (export or policy change)
INC-00621,70,High,mallderidgecf@yellowpages.com,resource3,IAM,1,2022-09-06T13:50:08Z,+20 Contains PII (data classified as Restricted) | +5 Data shared internally | +10 Significant number of records affected (376) | +15 Suspicious activity detected by event classifier | +10 Involves IAM (privilege escalation / credential risk) | +10 High-risk action performed (export or policy change)
INC-00623,70,High,sdreppep@ifeng.com,resource1,BigQuery,1,2022-09-08T05:00:59Z,+25 Data exposed publicly (highest sharing scope) | +10 Significant number of records affected (625) | +15 Suspicious activity detected by event classifier | +10 Suspicious action succeeded (confirmed exfiltration risk) | +10 Involves BigQuery (high-volume data export risk)
INC-00630,70,High,tsqueers7c@washington.edu,resource3,IAM,1,2022-09-11T23:24:54Z,+20 Contains PII (data classified as Restricted) | +5 Data shared internally | +10 Significant number of records affected (884) | +15 Suspicious activity detected by event classifier | +10 Suspicious action succeeded (confirmed exfiltration risk) | +10 Involves IAM (privilege escalation / credential risk)
INC-00647,70,High,rpolkaj@prnewswire.com,resource1,Cloud Storage,1,2022-09-24T14:36:45Z,+15 Data shared externally (outside organization) | +10 Significant number of records affected (750) | +15 Suspicious activity detected by event classifier | +10 Suspicious action succeeded (confirmed exfiltration risk) | +5 Involves Cloud Storage (data exposure risk) | +15 Resource was made public
INC-00650,70,High,msprullrn@hc360.com,resource3,Google Drive,1,2022-09-28T01:53:54Z,"+20 Contains PII (data classified as Restricted) | +10 Significant number of records affected (491) | +15 Suspicious activity detected by event classifier | +10 Suspicious action succeeded (confirmed exfiltration risk) | +10 High-risk action performed (export or policy change) | +5 Weak authentication used (password only, no MFA/SSO)"
INC-00652,70,High,mathy6o@blinklist.com,resource3,BigQuery,1,2022-09-28T18:43:11Z,"+20 Contains PII (data classified as Restricted) | +25 Data exposed publicly (highest sharing scope) | +10 Significant number of records affected (589) | +10 Involves BigQuery (high-volume data export risk) | +5 Weak authentication used (password only, no MFA/SSO)"
INC-00681,70,High,dgenever4v@psu.edu,resource1,IAM,1,2022-10-11T01:43:14Z,+25 Data exposed publicly (highest sharing scope) | +10 Significant number of records affected (601) | +15 Suspicious activity detected by event classifier | +10 Suspicious action succeeded (confirmed exfiltration risk) | +10 Involves IAM (privilege escalation / credential risk)
INC-00685,70,High,dblandl3@usda.gov,resource2,Gmail,1,2022-10-13T18:55:59Z,+20 Contains PII (data classified as Restricted) | +25 Data exposed publicly (highest sharing scope) | +10 Significant number of records affected (682) | +15 Suspicious activity detected by event classifier
INC-00687,70,High,mwloch1b@ibm.com,resource2,Cloud Storage,1,2022-10-15T16:17:34Z,"+20 Contains PII (data classified as Restricted) | +15 Data shared externally (outside organization) | +10 Significant number of records affected (297) | +5 High-risk action completed successfully | +5 Involves Cloud Storage (data exposure risk) | +10 High-risk action performed (export or policy change) | +5 Weak authentication used (password only, no MFA/SSO)"
INC-00698,70,High,rdodwellg@noaa.gov,resource2,BigQuery,1,2022-10-22T23:02:34Z,+20 Contains PII (data classified as Restricted) | +5 Data shared internally | +10 Significant number of records affected (425) | +15 Suspicious activity detected by event classifier | +10 Involves BigQuery (high-volume data export risk) | +10 High-risk action performed (export or policy change)
INC-00723,70,High,evarleybx@senate.gov,resource1,IAM,1,2022-11-06T23:39:57Z,+25 Data exposed publicly (highest sharing scope) | +10 Significant number of records affected (807) | +15 Suspicious activity detected by event classifier | +10 Involves IAM (privilege escalation / credential risk) | +10 High-risk action performed (export or policy change)
INC-00763,70,High,ipanketh66@amazon.de,resource2,Cloud Storage,1,2022-11-26T02:54:03Z,+20 Contains PII (data classified as Restricted) | +25 Data exposed publicly (highest sharing scope) | +10 Significant number of records affected (560) | +5 Involves Cloud Storage (data exposure risk) | +10 High-risk action performed (export or policy change)
INC-00045,68,High,hwillderpa@nifty.com,resource2,Gmail,2,2022-08-22T16:23:57Z,+20 Contains PII (data classified as Restricted) | +15 Data shared externally (outside organization) | +10 Significant number of records affected (764) | +10 Involves BigQuery (high-volume data export risk) | +8 Data movement action performed (download or share) | +5 Two related events correlated into a single incident
INC-00055,68,High,rleamyde@stanford.edu,resource2,Google Drive,2,2022-10-20T08:31:46Z,"+25 Data exposed publicly (highest sharing scope) | +10 Significant number of records affected (614) | +15 Suspicious activity detected by event classifier | +8 Data movement action performed (download or share) | +5 Weak authentication used (password only, no MFA/SSO) | +5 Two related events correlated into a single incident"
INC-00126,68,High,hluesleylt@4shared.com,resource1,BigQuery,2,2022-08-17T06:45:43Z,"+15 Data shared externally (outside organization) | +10 Significant number of records affected (901) | +15 Suspicious activity detected by event classifier | +10 Involves BigQuery (high-volume data export risk) | +8 Data movement action performed (download or share) | +5 Weak authentication used (password only, no MFA/SSO) | +5 Two related events correlated into a single incident"
INC-00131,68,High,tcapitano83@instagram.com,resource2,IAM,2,2022-08-26T20:19:55Z,"+15 Data shared externally (outside organization) | +10 Significant number of records affected (695) | +15 Suspicious activity detected by event classifier | +10 Involves IAM (privilege escalation / credential risk) | +8 Data movement action performed (download or share) | +5 Weak authentication used (password only, no MFA/SSO) | +5 Two related events correlated into a single incident"
INC-00174,68,High,cmaclleeseel@multiply.com,resource2,Gmail,1,2022-01-09T18:41:17Z,+20 Contains PII (data classified as Restricted) | +5 Data shared internally | +10 Significant number of records affected (589) | +15 Suspicious activity detected by event classifier | +10 Suspicious action succeeded (confirmed exfiltration risk) | +8 Data movement action performed (download or share)
INC-00185,68,High,zboarerb1@a8.net,resource1,Cloud Storage,1,2022-01-17T09:58:27Z,"+20 Contains PII (data classified as Restricted) | +5 Data shared internally | +10 Significant number of records affected (941) | +15 Suspicious activity detected by event classifier | +5 Involves Cloud Storage (data exposure risk) | +8 Data movement action performed (download or share) | +5 Weak authentication used (password only, no MFA/SSO)"
INC-00224,68,High,mniemiec2c@amazonaws.com,resource3,BigQuery,1,2022-01-30T11:55:15Z,+15 Data shared externally (outside organization) | +10 Significant number of records affected (212) | +15 Suspicious activity detected by event classifier | +10 Suspicious action succeeded (confirmed exfiltration risk) | +10 Involves BigQuery (high-volume data export risk) | +8 Data movement action performed (download or share)
INC-00255,68,High,aradloff85@smh.com.au,resource1,IAM,1,2022-02-20T18:58:26Z,+25 Data exposed publicly (highest sharing scope) | +10 Significant number of records affected (471) | +15 Suspicious activity detected by event classifier | +10 Involves IAM (privilege escalation / credential risk) | +8 Data movement action performed (download or share)
INC-00291,68,High,ggaydonqx@google.it,resource2,BigQuery,1,2022-03-09T08:18:54Z,+20 Contains PII (data classified as Restricted) | +15 Data shared externally (outside organization) | +10 Significant number of records affected (111) | +5 High-risk action completed successfully | +10 Involves BigQuery (high-volume data export risk) | +8 Data movement action performed (download or share)
INC-00399,68,High,jkarlmannms@samsung.com,resource1,BigQuery,1,2022-05-01T06:39:55Z,+20 Contains PII (data classified as Restricted) | +5 Data shared internally | +10 Significant number of records affected (239) | +15 Suspicious activity detected by event classifier | +10 Involves BigQuery (high-volume data export risk) | +8 Data movement action performed (download or share)
INC-00436,68,High,pmcghiel2@smh.com.au,resource2,Google Drive,1,2022-05-24T00:53:29Z,+20 Contains PII (data classified as Restricted) | +25 Data exposed publicly (highest sharing scope) | +10 Significant number of records affected (651) | +5 High-risk action completed successfully | +8 Data movement action performed (download or share)
INC-00450,68,High,gcrickmorem3@time.com,resource1,Google Drive,1,2022-05-31T13:52:08Z,"+20 Contains PII (data classified as Restricted) | +10 Significant number of records affected (101) | +15 Suspicious activity detected by event classifier | +10 Suspicious action succeeded (confirmed exfiltration risk) | +8 Data movement action performed (download or share) | +5 Weak authentication used (password only, no MFA/SSO)"
INC-00461,68,High,erobjentsem@gizmodo.com,resource3,BigQuery,1,2022-06-04T20:08:08Z,+20 Contains PII (data classified as Restricted) | +15 Data shared externally (outside organization) | +10 Significant number of records affected (724) | +5 High-risk action completed successfully | +10 Involves BigQuery (high-volume data export risk) | +8 Data movement action performed (download or share)
INC-00526,68,High,tpiens7j@mtv.com,resource3,Gmail,1,2022-07-13T06:59:30Z,+25 Data exposed publicly (highest sharing scope) | +10 Significant number of records affected (425) | +15 Suspicious activity detected by event classifier | +10 Suspicious action succeeded (confirmed exfiltration risk) | +8 Data movement action performed (download or share)
INC-00535,68,High,pvasnetsovp8@archive.org,resource3,Cloud Storage,1,2022-07-17T15:24:05Z,"+25 Data exposed publicly (highest sharing scope) | +10 Significant number of records affected (729) | +15 Suspicious activity detected by event classifier | +5 Involves Cloud Storage (data exposure risk) | +8 Data movement action performed (download or share) | +5 Weak authentication used (password only, no MFA/SSO)"
INC-00580,68,High,straffordbh@google.de,resource1,BigQuery,1,2022-08-14T10:53:33Z,+20 Contains PII (data classified as Restricted) | +5 Data shared internally | +10 Significant number of records affected (916) | +15 Suspicious activity detected by event classifier | +10 Involves BigQuery (high-volume data export risk) | +8 Data movement action performed (download or share)
INC-00750,68,High,ccestard9j@prlog.org,resource3,Google Drive,1,2022-11-20T23:40:18Z,+20 Contains PII (data classified as Restricted) | +5 Data shared internally | +10 Significant number of records affected (301) | +15 Suspicious activity detected by event classifier | +10 Suspicious action succeeded (confirmed exfiltration risk) | +8 Data movement action performed (download or share)
INC-00789,68,High,brhodefmx@delicious.com,resource1,IAM,1,2022-12-13T06:43:54Z,+20 Contains PII (data classified as Restricted) | +5 Data shared internally | +10 Significant number of records affected (326) | +15 Suspicious activity detected by event classifier | +10 Involves IAM (privilege escalation / credential risk) | +8 Data movement action performed (download or share)
INC-00814,68,High,ldelasci54@t-online.de,resource3,Gmail,1,2022-12-28T16:32:09Z,+20 Contains PII (data classified as Restricted) | +15 Data shared externally (outside organization) | +10 Significant number of records affected (387) | +15 Suspicious activity detected by event classifier | +8 Data movement action performed (download or share)
INC-00021,65,High,jnorvellaf@mail.ru,resource3,BigQuery,2,2022-04-26T21:59:41Z,"+20 Contains PII (data classified as Restricted) | +15 Data shared externally (outside organization) | +10 Significant number of records affected (995) | +10 Involves BigQuery (high-volume data export risk) | +5 Weak authentication used (password only, no MFA/SSO) | +5 Two related events correlated into a single incident"
INC-00047,65,High,jmuzzlewhitei1@google.com.au,resource3,IAM,2,2022-08-24T14:02:55Z,+5 Data shared internally | +10 Significant number of records affected (791) | +15 Suspicious activity detected by event classifier | +10 Suspicious action succeeded (confirmed exfiltration risk) | +10 Involves IAM (privilege escalation / credential risk) | +10 High-risk action performed (export or policy change) | +5 Two related events correlated into a single incident
INC-00056,65,High,lmofflx@google.com.hk,resource1,BigQuery,2,2022-10-11T01:49:42Z,+20 Contains PII (data classified as Restricted) | +5 Data shared internally | +10 Significant number of records affected (973) | +5 High-risk action completed successfully | +10 Involves BigQuery (high-volume data export risk) | +10 High-risk action performed (export or policy change) | +5 Two related events correlated into a single incident
INC-00118,65,High,espurmanke@salon.com,resource1,Gmail,2,2022-06-28T00:10:18Z,+20 Contains PII (data classified as Restricted) | +25 Data exposed publicly (highest sharing scope) | +10 Significant number of records affected (337) | +5 Involves Cloud Storage (data exposure risk) | +5 Two related events correlated into a single incident
INC-00133,65,High,ehutfieldhm@liveinternet.ru,resource3,Google Drive,2,2022-09-17T03:51:47Z,+25 Data exposed publicly (highest sharing scope) | +10 Significant number of records affected (952) | +15 Suspicious activity detected by event classifier | +10 Suspicious action succeeded (confirmed exfiltration risk) | +5 Two related events correlated into a single incident
INC-00159,65,High,pschwander46@apple.com,resource3,BigQuery,1,2022-01-02T23:58:06Z,+20 Contains PII (data classified as Restricted) | +15 Data shared externally (outside organization) | +10 Significant number of records affected (123) | +10 Involves BigQuery (high-volume data export risk) | +10 High-risk action performed (export or policy change)
INC-00160,65,High,aricketkn@fotki.com,resource1,BigQuery,1,2022-01-03T07:18:33Z,+20 Contains PII (data classified as Restricted) | +5 Data shared internally | +10 Significant number of records affected (581) | +5 High-risk action completed successfully | +10 Involves BigQuery (high-volume data export risk) | +15 Resource was made public
INC-00168,65,High,dwogdonov@newyorker.com,resource3,Google Drive,1,2022-01-07T13:53:42Z,+20 Contains PII (data classified as Restricted) | +15 Data shared externally (outside organization) | +5 Multiple records affected (34) | +15 Suspicious activity detected by event classifier | +10 Suspicious action succeeded (confirmed exfiltration risk)
INC-00173,65,High,rdunrigefb@e-recht24.de,resource2,Cloud Storage,1,2022-01-09T12:39:40Z,"+20 Contains PII (data classified as Restricted) | +25 Data exposed publicly (highest sharing scope) | +10 Significant number of records affected (385) | +5 Involves Cloud Storage (data exposure risk) | +5 Weak authentication used (password only, no MFA/SSO)"
INC-00175,65,High,mbenam20@pagesperso-orange.fr,resource1,BigQuery,1,2022-01-10T14:54:01Z,+15 Data shared externally (outside organization) | +10 Significant number of records affected (408) | +15 Suspicious activity detected by event classifier | +10 Involves BigQuery (high-volume data export risk) | +15 Resource was made public
INC-00203,65,High,bmaasslp@networksolutions.com,resource1,BigQuery,1,2022-01-25T03:13:32Z,+20 Contains PII (data classified as Restricted) | +5 Data shared internally | +5 Multiple records affected (25) | +15 Suspicious activity detected by event classifier | +10 Suspicious action succeeded (confirmed exfiltration risk) | +10 Involves BigQuery (high-volume data export risk)
INC-00206,65,High,wdelahayehl@taobao.com,resource2,Google Drive,1,2022-01-26T05:34:32Z,+20 Contains PII (data classified as Restricted) | +10 Significant number of records affected (522) | +15 Suspicious activity detected by event classifier | +10 Suspicious action succeeded (confirmed exfiltration risk) | +10 High-risk action performed (export or policy change)
INC-00211,65,High,eilyasij@unicef.org,resource3,IAM,1,2022-01-26T21:52:04Z,+20 Contains PII (data classified as Restricted) | +25 Data exposed publicly (highest sharing scope) | +10 Significant number of records affected (694) | +10 Involves IAM (privilege escalation / credential risk)
INC-00215,65,High,ehandrahanmn@cafepress.com,resource2,IAM,1,2022-01-28T12:07:35Z,+20 Contains PII (data classified as Restricted) | +10 Significant number of records affected (421) | +15 Suspicious activity detected by event classifier | +10 Suspicious action succeeded (confirmed exfiltration risk) | +10 Involves IAM (privilege escalation / credential risk)
INC-00254,65,High,amartinsonod@blogspot.com,resource1,Cloud Storage,1,2022-02-19T16:42:19Z,+15 Data shared externally (outside organization) | +10 Significant number of records affected (964) | +15 Suspicious activity detected by event classifier | +10 Suspicious action succeeded (confirmed exfiltration risk) | +5 Involves Cloud Storage (data exposure risk) | +10 High-risk action performed (export or policy change)
INC-00285,65,High,zhowskz@alibaba.com,resource3,IAM,1,2022-03-07T11:21:07Z,"+20 Contains PII (data classified as Restricted) | +5 Data shared internally | +10 Significant number of records affected (773) | +15 Suspicious activity detected by event classifier | +10 Involves IAM (privilege escalation / credential risk) | +5 Weak authentication used (password only, no MFA/SSO)"
INC-00288,65,High,tcanario90@acquirethisname.com,resource2,Cloud Storage,1,2022-03-08T10:23:45Z,+20 Contains PII (data classified as Restricted) | +15 Data shared externally (outside organization) | +10 Significant number of records affected (891) | +5 High-risk action completed successfully | +5 Involves Cloud Storage (data exposure risk) | +10 High-risk action performed (export or policy change)
INC-00305,65,High,bfuster36@umn.edu,resource2,BigQuery,1,2022-03-17T02:53:52Z,+20 Contains PII (data classified as Restricted) | +25 Data exposed publicly (highest sharing scope) | +10 Significant number of records affected (273) | +10 Involves BigQuery (high-volume data export risk)
INC-00311,65,High,acadwellll@nps.gov,resource1,IAM,1,2022-03-19T12:19:16Z,"+25 Data exposed publicly (highest sharing scope) | +10 Significant number of records affected (713) | +5 High-risk action completed successfully | +10 Involves IAM (privilege escalation / credential risk) | +10 High-risk action performed (export or policy change) | +5 Weak authentication used (password only, no MFA/SSO)"
INC-00320,65,High,pcuncarrax@gov.uk,resource3,BigQuery,1,2022-03-22T08:41:33Z,+20 Contains PII (data classified as Restricted) | +10 Significant number of records affected (853) | +15 Suspicious activity detected by event classifier | +10 Suspicious action succeeded (confirmed exfiltration risk) | +10 Involves BigQuery (high-volume data export risk)
INC-00321,65,High,talwoodp6@diigo.com,resource1,Cloud Storage,1,2022-03-22T17:05:04Z,"+20 Contains PII (data classified as Restricted) | +10 Significant number of records affected (956) | +15 Suspicious activity detected by event classifier | +10 Suspicious action succeeded (confirmed exfiltration risk) | +5 Involves Cloud Storage (data exposure risk) | +5 Weak authentication used (password only, no MFA/SSO)"
INC-00378,65,High,hruskinqf@pagesperso-orange.fr,resource1,IAM,1,2022-04-18T05:59:33Z,+20 Contains PII (data classified as Restricted) | +10 Significant number of records affected (577) | +15 Suspicious activity detected by event classifier | +10 Suspicious action succeeded (confirmed exfiltration risk) | +10 Involves IAM (privilege escalation / credential risk)
INC-00381,65,High,bvernazzago@unblog.fr,resource2,Cloud Storage,1,2022-04-19T10:11:09Z,+20 Contains PII (data classified as Restricted) | +5 Data shared internally | +10 Significant number of records affected (204) | +15 Suspicious activity detected by event classifier | +10 Suspicious action succeeded (confirmed exfiltration risk) | +5 Involves Cloud Storage (data exposure risk)
INC-00384,65,High,aallbutqk@globo.com,resource2,BigQuery,1,2022-04-21T09:58:11Z,+20 Contains PII (data classified as Restricted) | +25 Data exposed publicly (highest sharing scope) | +10 Significant number of records affected (933) | +10 Involves BigQuery (high-volume data export risk)
INC-00395,65,High,dfooterjj@bing.com,resource1,BigQuery,1,2022-04-28T05:46:01Z,+15 Data shared externally (outside organization) | +10 Significant number of records affected (592) | +15 Suspicious activity detected by event classifier | +10 Involves BigQuery (high-volume data export risk) | +15 Resource was made public
INC-00404,65,High,fbeastallgy@ucsd.edu,resource1,Cloud Storage,1,2022-05-03T14:53:04Z,"+20 Contains PII (data classified as Restricted) | +10 Significant number of records affected (246) | +15 Suspicious activity detected by event classifier | +5 Involves Cloud Storage (data exposure risk) | +10 High-risk action performed (export or policy change) | +5 Weak authentication used (password only, no MFA/SSO)"
INC-00438,65,High,fhellinjz@github.com,resource1,Cloud Storage,1,2022-05-25T09:25:02Z,"+20 Contains PII (data classified as Restricted) | +25 Data exposed publicly (highest sharing scope) | +10 Significant number of records affected (679) | +5 Involves Cloud Storage (data exposure risk) | +5 Weak authentication used (password only, no MFA/SSO)"
INC-00475,65,High,nbrosiord@fema.gov,resource3,Gmail,1,2022-06-13T00:59:45Z,"+20 Contains PII (data classified as Restricted) | +10 Significant number of records affected (510) | +15 Suspicious activity detected by event classifier | +15 Resource was made public | +5 Weak authentication used (password only, no MFA/SSO)"
INC-00478,65,High,mrontschqn@about.com,resource2,Cloud Storage,1,2022-06-13T23:00:10Z,"+20 Contains PII (data classified as Restricted) | +10 Significant number of records affected (201) | +15 Suspicious activity detected by event classifier | +5 Involves Cloud Storage (data exposure risk) | +10 High-risk action performed (export or policy change) | +5 Weak authentication used (password only, no MFA/SSO)"
INC-00479,65,High,epattisonkv@foxnews.com,resource2,IAM,1,2022-06-14T07:37:14Z,+20 Contains PII (data classified as Restricted) | +10 Significant number of records affected (674) | +15 Suspicious activity detected by event classifier | +10 Involves IAM (privilege escalation / credential risk) | +10 High-risk action performed (export or policy change)
INC-00487,65,High,ggundaat@simplemachines.org,resource3,Cloud Storage,1,2022-06-21T02:48:06Z,+20 Contains PII (data classified as Restricted) | +5 Data shared internally | +10 Significant number of records affected (979) | +15 Suspicious activity detected by event classifier | +10 Suspicious action succeeded (confirmed exfiltration risk) | +5 Involves Cloud Storage (data exposure risk)
INC-00490,65,High,tbissello5@utexas.edu,resource3,IAM,1,2022-06-23T22:14:53Z,"+25 Data exposed publicly (highest sharing scope) | +10 Significant number of records affected (716) | +15 Suspicious activity detected by event classifier | +10 Involves IAM (privilege escalation / credential risk) | +5 Weak authentication used (password only, no MFA/SSO)"
INC-00500,65,High,cpyper7x@chronoengine.com,resource2,BigQuery,1,2022-06-28T01:03:23Z,+20 Contains PII (data classified as Restricted) | +10 Significant number of records affected (816) | +15 Suspicious activity detected by event classifier | +10 Involves BigQuery (high-volume data export risk) | +10 High-risk action performed (export or policy change)
INC-00505,65,High,abottrill6x@ezinearticles.com,resource1,BigQuery,1,2022-06-30T02:38:46Z,+20 Contains PII (data classified as Restricted) | +10 Significant number of records affected (198) | +15 Suspicious activity detected by event classifier | +10 Involves BigQuery (high-volume data export risk) | +10 High-risk action performed (export or policy change)
INC-00566,65,High,bhackfordm2@cornell.edu,resource1,IAM,1,2022-08-03T03:48:42Z,+20 Contains PII (data classified as Restricted) | +25 Data exposed publicly (highest sharing scope) | +10 Significant number of records affected (882) | +10 Involves IAM (privilege escalation / credential risk)
INC-00574,65,High,aleele4h@ed.gov,resource2,IAM,1,2022-08-12T04:38:27Z,"+15 Data shared externally (outside organization) | +10 Significant number of records affected (142) | +15 Suspicious activity detected by event classifier | +10 Suspicious action succeeded (confirmed exfiltration risk) | +10 Involves IAM (privilege escalation / credential risk) | +5 Weak authentication used (password only, no MFA/SSO)"
INC-00583,65,High,blum47@nbcnews.com,resource3,Google Drive,1,2022-08-14T22:36:07Z,+20 Contains PII (data classified as Restricted) | +25 Data exposed publicly (highest sharing scope) | +10 Significant number of records affected (241) | +10 High-risk action performed (export or policy change)
INC-00589,65,High,tarndellp0@soup.io,resource1,IAM,1,2022-08-19T16:28:14Z,+20 Contains PII (data classified as Restricted) | +10 Significant number of records affected (349) | +15 Suspicious activity detected by event classifier | +10 Suspicious action succeeded (confirmed exfiltration risk) | +10 Involves IAM (privilege escalation / credential risk)
INC-00602,65,High,groomoo@ca.gov,resource3,Gmail,1,2022-08-26T09:54:07Z,"+15 Data shared externally (outside organization) | +5 Multiple records affected (25) | +15 Suspicious activity detected by event classifier | +10 Suspicious action succeeded (confirmed exfiltration risk) | +15 Resource was made public | +5 Weak authentication used (password only, no MFA/SSO)"
INC-00632,65,High,mfell1c@auda.org.au,resource3,IAM,1,2022-09-12T23:05:27Z,+20 Contains PII (data classified as Restricted) | +25 Data exposed publicly (highest sharing scope) | +10 Significant number of records affected (916) | +10 Involves IAM (privilege escalation / credential risk)
INC-00633,65,High,glougheede4@howstuffworks.com,resource1,BigQuery,1,2022-09-13T15:56:40Z,+20 Contains PII (data classified as Restricted) | +25 Data exposed publicly (highest sharing scope) | +10 Significant number of records affected (676) | +10 Involves BigQuery (high-volume data export risk)
INC-00651,65,High,oedleston9y@google.ru,resource2,BigQuery,1,2022-09-28T06:29:28Z,"+20 Contains PII (data classified as Restricted) | +5 Data shared internally | +10 Significant number of records affected (960) | +5 High-risk action completed successfully | +10 Involves BigQuery (high-volume data export risk) | +10 High-risk action performed (export or policy change) | +5 Weak authentication used (password only, no MFA/SSO)"
INC-00654,65,High,vdevittq8@issuu.com,resource2,Cloud Storage,1,2022-09-29T12:12:59Z,+20 Contains PII (data classified as Restricted) | +5 Data shared internally | +10 Significant number of records affected (384) | +15 Suspicious activity detected by event classifier | +10 Suspicious action succeeded (confirmed exfiltration risk) | +5 Involves Cloud Storage (data exposure risk)
INC-00663,65,High,vmcmenamini@booking.com,resource3,Google Drive,1,2022-10-02T00:11:00Z,+20 Contains PII (data classified as Restricted) | +10 Significant number of records affected (718) | +15 Suspicious activity detected by event classifier | +10 Suspicious action succeeded (confirmed exfiltration risk) | +10 High-risk action performed (export or policy change)
INC-00676,65,High,eedgerley17@wix.com,resource1,Cloud Storage,1,2022-10-06T17:53:31Z,+20 Contains PII (data classified as Restricted) | +5 Data shared internally | +10 Significant number of records affected (470) | +15 Suspicious activity detected by event classifier | +5 Involves Cloud Storage (data exposure risk) | +10 High-risk action performed (export or policy change)
INC-00720,65,High,ahandysideiu@wiley.com,resource2,BigQuery,1,2022-11-06T09:57:30Z,+20 Contains PII (data classified as Restricted) | +10 Significant number of records affected (201) | +15 Suspicious activity detected by event classifier | +10 Involves BigQuery (high-volume data export risk) | +10 High-risk action performed (export or policy change)
INC-00732,65,High,gkilcullenfp@msn.com,resource1,BigQuery,1,2022-11-11T09:34:52Z,"+15 Data shared externally (outside organization) | +10 Significant number of records affected (909) | +15 Suspicious activity detected by event classifier | +10 Suspicious action succeeded (confirmed exfiltration risk) | +10 Involves BigQuery (high-volume data export risk) | +5 Weak authentication used (password only, no MFA/SSO)"
INC-00748,65,High,ascohier2u@economist.com,resource2,Google Drive,1,2022-11-20T07:14:23Z,"+20 Contains PII (data classified as Restricted) | +15 Data shared externally (outside organization) | +10 Significant number of records affected (373) | +5 High-risk action completed successfully | +10 High-risk action performed (export or policy change) | +5 Weak authentication used (password only, no MFA/SSO)"
INC-00749,65,High,dbelsherrb@yellowbook.com,resource1,Google Drive,1,2022-11-20T11:08:49Z,"+25 Data exposed publicly (highest sharing scope) | +10 Significant number of records affected (618) | +15 Suspicious activity detected by event classifier | +10 High-risk action performed (export or policy change) | +5 Weak authentication used (password only, no MFA/SSO)"
INC-00773,65,High,mmatieuo1@163.com,resource3,IAM,1,2022-12-03T16:51:37Z,+20 Contains PII (data classified as Restricted) | +10 Significant number of records affected (268) | +15 Suspicious activity detected by event classifier | +10 Involves IAM (privilege escalation / credential risk) | +10 High-risk action performed (export or policy change)
INC-00787,65,High,mstreightk9@un.org,resource3,Cloud Storage,1,2022-12-11T13:56:48Z,"+20 Contains PII (data classified as Restricted) | +10 Significant number of records affected (248) | +15 Suspicious activity detected by event classifier | +10 Suspicious action succeeded (confirmed exfiltration risk) | +5 Involves Cloud Storage (data exposure risk) | +5 Weak authentication used (password only, no MFA/SSO)"
INC-00804,65,High,aloveitta1@cafepress.com,resource2,IAM,1,2022-12-20T12:25:14Z,+20 Contains PII (data classified as Restricted) | +15 Data shared externally (outside organization) | +10 Significant number of records affected (614) | +10 Involves IAM (privilege escalation / credential risk) | +10 High-risk action performed (export or policy change)
INC-00819,65,High,tsollarso4@dailymail.co.uk,resource2,Cloud Storage,1,2022-12-29T16:58:32Z,+20 Contains PII (data classified as Restricted) | +5 Data shared internally | +10 Significant number of records affected (275) | +15 Suspicious activity detected by event classifier | +10 Suspicious action succeeded (confirmed exfiltration risk) | +5 Involves Cloud Storage (data exposure risk)
INC-00070,63,High,esherredea@weebly.com,resource2,Google Drive,2,2022-12-12T13:46:07Z,+15 Data shared externally (outside organization) | +10 Significant number of records affected (688) | +15 Suspicious activity detected by event classifier | +10 Suspicious action succeeded (confirmed exfiltration risk) | +8 Data movement action performed (download or share) | +5 Two related events correlated into a single incident
INC-00084,63,High,eroddyic@noaa.gov,resource1,Google Drive,2,2022-02-07T05:54:37Z,"+15 Data shared externally (outside organization) | +10 Significant number of records affected (571) | +15 Suspicious activity detected by event classifier | +5 High-risk action completed successfully | +8 Data movement action performed (download or share) | +5 Weak authentication used (password only, no MFA/SSO) | +5 Two related events correlated into a single incident"
INC-00223,63,High,apenleyb6@washingtonpost.com,resource1,Google Drive,1,2022-01-30T11:34:52Z,"+20 Contains PII (data classified as Restricted) | +15 Data shared externally (outside organization) | +10 Significant number of records affected (280) | +5 High-risk action completed successfully | +8 Data movement action performed (download or share) | +5 Weak authentication used (password only, no MFA/SSO)"
INC-00292,63,High,kskone2x@tripod.com,resource1,IAM,1,2022-03-10T02:37:20Z,"+25 Data exposed publicly (highest sharing scope) | +10 Significant number of records affected (823) | +5 High-risk action completed successfully | +10 Involves IAM (privilege escalation / credential risk) | +8 Data movement action performed (download or share) | +5 Weak authentication used (password only, no MFA/SSO)"
INC-00331,63,High,mquantrellg3@oaic.gov.au,resource1,Gmail,1,2022-03-27T20:36:38Z,+20 Contains PII (data classified as Restricted) | +5 Data shared internally | +5 Multiple records affected (17) | +15 Suspicious activity detected by event classifier | +10 Suspicious action succeeded (confirmed exfiltration risk) | +8 Data movement action performed (download or share)
INC-00352,63,High,hgrationa@weather.com,resource3,Cloud Storage,1,2022-04-05T19:58:08Z,+15 Data shared externally (outside organization) | +10 Significant number of records affected (716) | +15 Suspicious activity detected by event classifier | +10 Suspicious action succeeded (confirmed exfiltration risk) | +5 Involves Cloud Storage (data exposure risk) | +8 Data movement action performed (download or share)
INC-00367,63,High,cmolan1m@homestead.com,resource2,BigQuery,1,2022-04-14T03:15:37Z,+20 Contains PII (data classified as Restricted) | +15 Data shared externally (outside organization) | +10 Significant number of records affected (746) | +10 Involves BigQuery (high-volume data export risk) | +8 Data movement action performed (download or share)
INC-00430,63,High,bmorfettnz@businessweek.com,resource3,IAM,1,2022-05-21T01:33:15Z,+20 Contains PII (data classified as Restricted) | +10 Significant number of records affected (980) | +15 Suspicious activity detected by event classifier | +10 Involves IAM (privilege escalation / credential risk) | +8 Data movement action performed (download or share)
INC-00596,63,High,hruddickme@google.ru,resource3,Gmail,1,2022-08-21T18:22:12Z,"+20 Contains PII (data classified as Restricted) | +5 Data shared internally | +10 Significant number of records affected (340) | +15 Suspicious activity detected by event classifier | +8 Data movement action performed (download or share) | +5 Weak authentication used (password only, no MFA/SSO)"
INC-00661,63,High,jgreenstreetdr@yellowpages.com,resource2,Cloud Storage,1,2022-10-01T14:07:02Z,"+20 Contains PII (data classified as Restricted) | +10 Significant number of records affected (641) | +15 Suspicious activity detected by event classifier | +5 Involves Cloud Storage (data exposure risk) | +8 Data movement action performed (download or share) | +5 Weak authentication used (password only, no MFA/SSO)"
INC-00714,63,High,binglegi@elegantthemes.com,resource3,BigQuery,1,2022-11-03T07:48:39Z,+20 Contains PII (data classified as Restricted) | +10 Significant number of records affected (467) | +15 Suspicious activity detected by event classifier | +10 Involves BigQuery (high-volume data export risk) | +8 Data movement action performed (download or share)
INC-00739,63,High,hfiddymentq@usgs.gov,resource2,IAM,1,2022-11-15T13:28:06Z,"+25 Data exposed publicly (highest sharing scope) | +10 Significant number of records affected (437) | +5 High-risk action completed successfully | +10 Involves IAM (privilege escalation / credential risk) | +8 Data movement action performed (download or share) | +5 Weak authentication used (password only, no MFA/SSO)"
INC-00762,63,High,gaynoldiv@amazon.co.uk,resource1,Google Drive,1,2022-11-25T23:24:07Z,+20 Contains PII (data classified as Restricted) | +15 Data shared externally (outside organization) | +5 Multiple records affected (28) | +15 Suspicious activity detected by event classifier | +8 Data movement action performed (download or share)
INC-00775,63,High,pfarndaleg2@phoca.cz,resource2,BigQuery,1,2022-12-04T16:37:15Z,"+20 Contains PII (data classified as Restricted) | +5 Multiple records affected (67) | +15 Suspicious activity detected by event classifier | +10 Involves BigQuery (high-volume data export risk) | +8 Data movement action performed (download or share) | +5 Weak authentication used (password only, no MFA/SSO)"
INC-00785,63,High,pseadonil@amazon.com,resource3,Cloud Storage,1,2022-12-10T12:00:56Z,"+20 Contains PII (data classified as Restricted) | +5 Data shared internally | +5 Multiple records affected (87) | +15 Suspicious activity detected by event classifier | +5 Involves Cloud Storage (data exposure risk) | +8 Data movement action performed (download or share) | +5 Weak authentication used (password only, no MFA/SSO)"
INC-00006,60,High,gbails67@google.de,resource3,Cloud Storage,2,2022-01-04T21:09:42Z,+5 Data shared internally | +10 Significant number of records affected (823) | +15 Suspicious activity detected by event classifier | +10 Suspicious action succeeded (confirmed exfiltration risk) | +5 Involves Cloud Storage (data exposure risk) | +10 High-risk action performed (export or policy change) | +5 Two related events correlated into a single incident
INC-00010,60,High,nwherritei@google.com.br,resource1,Gmail,2,2022-02-23T16:15:26Z,"+15 Data shared externally (outside organization) | +10 Significant number of records affected (984) | +5 High-risk action completed successfully | +5 Involves Cloud Storage (data exposure risk) | +15 Resource was made public | +5 Weak authentication used (password only, no MFA/SSO) | +5 Two related events correlated into a single incident"
INC-00038,60,High,rlinnerae@epa.gov,resource2,IAM,2,2022-08-03T19:10:31Z,"+5 Data shared internally | +10 Significant number of records affected (648) | +15 Suspicious activity detected by event classifier | +10 Suspicious action succeeded (confirmed exfiltration risk) | +10 Involves IAM (privilege escalation / credential risk) | +5 Weak authentication used (password only, no MFA/SSO) | +5 Two related events correlated into a single incident"
INC-00073,60,High,nvreede80@marketwatch.com,resource1,Google Drive,2,2022-11-25T06:50:30Z,"+20 Contains PII (data classified as Restricted) | +5 Data shared internally | +10 Significant number of records affected (602) | +15 Resource was made public | +5 Weak authentication used (password only, no MFA/SSO) | +5 Two related events correlated into a single incident"
INC-00076,60,High,ebroadstock40@1und1.de,resource3,BigQuery,2,2022-01-12T15:43:24Z,"+15 Data shared externally (outside organization) | +10 Significant number of records affected (742) | +10 Involves BigQuery (high-volume data export risk) | +15 Resource was made public | +5 Weak authentication used (password only, no MFA/SSO) | +5 Two related events correlated into a single incident"
INC-00128,60,High,dcowopeon@nytimes.com,resource3,Cloud Storage,2,2022-07-24T19:10:20Z,"+15 Data shared externally (outside organization) | +10 Significant number of records affected (471) | +10 Involves IAM (privilege escalation / credential risk) | +15 Resource was made public | +5 Weak authentication used (password only, no MFA/SSO) | +5 Two related events correlated into a single incident"
INC-00166,60,High,rstalley2g@lulu.com,resource1,BigQuery,1,2022-01-07T02:06:13Z,+20 Contains PII (data classified as Restricted) | +10 Significant number of records affected (415) | +5 High-risk action completed successfully | +10 Involves BigQuery (high-volume data export risk) | +15 Resource was made public
INC-00167,60,High,jjustph@cbc.ca,resource3,Google Drive,1,2022-01-07T04:34:55Z,"+20 Contains PII (data classified as Restricted) | +25 Data exposed publicly (highest sharing scope) | +10 Significant number of records affected (772) | +5 Weak authentication used (password only, no MFA/SSO)"
INC-00176,60,High,lmacskeaganeh@bigcartel.com,resource3,Cloud Storage,1,2022-01-10T16:38:38Z,+20 Contains PII (data classified as Restricted) | +10 Significant number of records affected (910) | +15 Suspicious activity detected by event classifier | +10 Suspicious action succeeded (confirmed exfiltration risk) | +5 Involves Cloud Storage (data exposure risk)
INC-00188,60,High,bbarbischao@comcast.net,resource3,Gmail,1,2022-01-17T20:37:34Z,"+20 Contains PII (data classified as Restricted) | +10 Significant number of records affected (633) | +15 Suspicious activity detected by event classifier | +10 High-risk action performed (export or policy change) | +5 Weak authentication used (password only, no MFA/SSO)"
INC-00193,60,High,gbarbier77@uol.com.br,resource2,Cloud Storage,1,2022-01-20T11:36:53Z,"+20 Contains PII (data classified as Restricted) | +5 Data shared internally | +10 Significant number of records affected (734) | +5 High-risk action completed successfully | +5 Involves Cloud Storage (data exposure risk) | +10 High-risk action performed (export or policy change) | +5 Weak authentication used (password only, no MFA/SSO)"
INC-00201,60,High,dcusted7n@miibeian.gov.cn,resource2,Gmail,1,2022-01-23T23:27:39Z,+25 Data exposed publicly (highest sharing scope) | +10 Significant number of records affected (992) | +15 Suspicious activity detected by event classifier | +10 Suspicious action succeeded (confirmed exfiltration risk)
INC-00209,60,High,ecoltman1g@yelp.com,resource3,IAM,1,2022-01-26T11:48:17Z,+5 Data shared internally | +10 Significant number of records affected (912) | +15 Suspicious activity detected by event classifier | +10 Suspicious action succeeded (confirmed exfiltration risk) | +10 Involves IAM (privilege escalation / credential risk) | +10 High-risk action performed (export or policy change)
INC-00217,60,High,mmyatt69@acquirethisname.com,resource1,Cloud Storage,1,2022-01-29T06:51:40Z,+20 Contains PII (data classified as Restricted) | +10 Significant number of records affected (847) | +15 Suspicious activity detected by event classifier | +5 Involves Cloud Storage (data exposure risk) | +10 High-risk action performed (export or policy change)
INC-00219,60,High,ctreneerez@fc2.com,resource2,IAM,1,2022-01-29T19:54:44Z,+5 Data shared internally | +10 Significant number of records affected (306) | +15 Suspicious activity detected by event classifier | +10 Suspicious action succeeded (confirmed exfiltration risk) | +10 Involves IAM (privilege escalation / credential risk) | +10 High-risk action performed (export or policy change)
INC-00258,60,High,jtirkin7l@vk.com,resource2,Cloud Storage,1,2022-02-22T01:14:28Z,"+5 Data shared internally | +10 Significant number of records affected (262) | +15 Suspicious activity detected by event classifier | +10 Suspicious action succeeded (confirmed exfiltration risk) | +5 Involves Cloud Storage (data exposure risk) | +10 High-risk action performed (export or policy change) | +5 Weak authentication used (password only, no MFA/SSO)"
INC-00265,60,High,mdaouse3g@blog.com,resource1,BigQuery,1,2022-02-25T13:23:07Z,"+15 Data shared externally (outside organization) | +10 Significant number of records affected (493) | +5 High-risk action completed successfully | +10 Involves BigQuery (high-volume data export risk) | +15 Resource was made public | +5 Weak authentication used (password only, no MFA/SSO)"
INC-00268,60,High,tdeboo72@telegraph.co.uk,resource3,Cloud Storage,1,2022-02-26T03:03:41Z,+20 Contains PII (data classified as Restricted) | +15 Data shared externally (outside organization) | +10 Significant number of records affected (831) | +5 Involves Cloud Storage (data exposure risk) | +10 High-risk action performed (export or policy change)
INC-00282,60,High,ewaelandpo@mediafire.com,resource1,IAM,1,2022-03-06T00:16:41Z,"+10 Significant number of records affected (679) | +15 Suspicious activity detected by event classifier | +10 Suspicious action succeeded (confirmed exfiltration risk) | +10 Involves IAM (privilege escalation / credential risk) | +10 High-risk action performed (export or policy change) | +5 Weak authentication used (password only, no MFA/SSO)"
INC-00300,60,High,dhampshire68@sciencedirect.com,resource3,Gmail,1,2022-03-14T09:27:27Z,"+20 Contains PII (data classified as Restricted) | +10 Significant number of records affected (134) | +15 Suspicious activity detected by event classifier | +10 Suspicious action succeeded (confirmed exfiltration risk) | +5 Weak authentication used (password only, no MFA/SSO)"
INC-00302,60,High,egravener2q@shareasale.com,resource2,Gmail,1,2022-03-15T10:29:35Z,+20 Contains PII (data classified as Restricted) | +10 Significant number of records affected (443) | +15 Suspicious activity detected by event classifier | +15 Resource was made public
INC-00322,60,High,abewfieldnh@unicef.org,resource2,Gmail,1,2022-03-22T23:11:22Z,"+25 Data exposed publicly (highest sharing scope) | +5 Multiple records affected (29) | +15 Suspicious activity detected by event classifier | +10 Suspicious action succeeded (confirmed exfiltration risk) | +5 Weak authentication used (password only, no MFA/SSO)"
INC-00326,60,High,bhoveyiq@wikia.com,resource3,Cloud Storage,1,2022-03-25T23:37:47Z,"+20 Contains PII (data classified as Restricted) | +5 Data shared internally | +10 Significant number of records affected (368) | +15 Suspicious activity detected by event classifier | +5 Involves Cloud Storage (data exposure risk) | +5 Weak authentication used (password only, no MFA/SSO)"
INC-00350,60,High,ibaselli1d@techcrunch.com,resource1,Cloud Storage,1,2022-04-04T21:31:58Z,+20 Contains PII (data classified as Restricted) | +15 Data shared externally (outside organization) | +10 Significant number of records affected (735) | +5 Involves Cloud Storage (data exposure risk) | +10 High-risk action performed (export or policy change)
INC-00365,60,High,wwaddyoz@va.gov,resource1,Gmail,1,2022-04-12T01:14:55Z,+20 Contains PII (data classified as Restricted) | +10 Significant number of records affected (997) | +15 Suspicious activity detected by event classifier | +15 Resource was made public
INC-00377,60,High,jconrath9z@furl.net,resource3,Google Drive,1,2022-04-18T03:44:58Z,+20 Contains PII (data classified as Restricted) | +5 Data shared internally | +10 Significant number of records affected (852) | +15 Suspicious activity detected by event classifier | +10 High-risk action performed (export or policy change)
INC-00403,60,High,dfrantsev33@hatena.ne.jp,resource1,Gmail,1,2022-05-03T05:06:13Z,+25 Data exposed publicly (highest sharing scope) | +10 Significant number of records affected (891) | +15 Suspicious activity detected by event classifier | +10 Suspicious action succeeded (confirmed exfiltration risk)
INC-00410,60,High,rchappelowr3@marriott.com,resource1,Gmail,1,2022-05-08T01:05:17Z,+20 Contains PII (data classified as Restricted) | +5 Data shared internally | +10 Significant number of records affected (762) | +15 Suspicious activity detected by event classifier | +10 High-risk action performed (export or policy change)
INC-00427,60,High,lmintojt@imdb.com,resource1,IAM,1,2022-05-20T11:08:26Z,"+20 Contains PII (data classified as Restricted) | +15 Data shared externally (outside organization) | +10 Significant number of records affected (694) | +10 Involves IAM (privilege escalation / credential risk) | +5 Weak authentication used (password only, no MFA/SSO)"
INC-00455,60,High,apughjy@wufoo.com,resource2,IAM,1,2022-06-02T17:22:26Z,+10 Significant number of records affected (831) | +15 Suspicious activity detected by event classifier | +10 Suspicious action succeeded (confirmed exfiltration risk) | +10 Involves IAM (privilege escalation / credential risk) | +15 Resource was made public
INC-00486,60,High,bsongerha@nsw.gov.au,resource3,BigQuery,1,2022-06-20T05:39:40Z,+20 Contains PII (data classified as Restricted) | +5 Data shared internally | +10 Significant number of records affected (998) | +15 Suspicious activity detected by event classifier | +10 Involves BigQuery (high-volume data export risk)
INC-00503,60,High,rkeighleyjc@i2i.jp,resource2,Cloud Storage,1,2022-06-29T03:47:02Z,"+10 Significant number of records affected (333) | +15 Suspicious activity detected by event classifier | +10 Suspicious action succeeded (confirmed exfiltration risk) | +5 Involves Cloud Storage (data exposure risk) | +15 Resource was made public | +5 Weak authentication used (password only, no MFA/SSO)"
INC-00522,60,High,kcosta58@psu.edu,resource2,Google Drive,1,2022-07-09T17:44:37Z,+20 Contains PII (data classified as Restricted) | +5 Multiple records affected (30) | +15 Suspicious activity detected by event classifier | +10 Suspicious action succeeded (confirmed exfiltration risk) | +10 High-risk action performed (export or policy change)
INC-00528,60,High,dmackeever59@exblog.jp,resource3,Gmail,1,2022-07-14T02:58:48Z,+25 Data exposed publicly (highest sharing scope) | +10 Significant number of records affected (109) | +15 Suspicious activity detected by event classifier | +10 Suspicious action succeeded (confirmed exfiltration risk)
INC-00571,60,High,igoord3@sina.com.cn,resource1,BigQuery,1,2022-08-11T13:32:49Z,+20 Contains PII (data classified as Restricted) | +5 Data shared internally | +10 Significant number of records affected (751) | +5 High-risk action completed successfully | +10 Involves BigQuery (high-volume data export risk) | +10 High-risk action performed (export or policy change)
INC-00591,60,High,mtempleton4c@gmpg.org,resource2,Cloud Storage,1,2022-08-20T18:46:21Z,+20 Contains PII (data classified as Restricted) | +10 Significant number of records affected (885) | +15 Suspicious activity detected by event classifier | +10 Suspicious action succeeded (confirmed exfiltration risk) | +5 Involves Cloud Storage (data exposure risk)
INC-00610,60,High,umaddams56@addtoany.com,resource1,Gmail,1,2022-09-01T00:03:22Z,+20 Contains PII (data classified as Restricted) | +5 Data shared internally | +10 Significant number of records affected (629) | +15 Suspicious activity detected by event classifier | +10 Suspicious action succeeded (confirmed exfiltration risk)
INC-00644,60,High,tcollynsau@drupal.org,resource2,Google Drive,1,2022-09-23T13:44:14Z,+20 Contains PII (data classified as Restricted) | +15 Data shared externally (outside organization) | +10 Significant number of records affected (780) | +5 High-risk action completed successfully | +10 High-risk action performed (export or policy change)
INC-00655,60,High,mtrobeqd@bigcartel.com,resource1,BigQuery,1,2022-09-29T21:52:13Z,+20 Contains PII (data classified as Restricted) | +5 Data shared internally | +15 Suspicious activity detected by event classifier | +10 Suspicious action succeeded (confirmed exfiltration risk) | +10 Involves BigQuery (high-volume data export risk)
INC-00673,60,High,asebleykb@bbb.org,resource2,Google Drive,1,2022-10-05T14:24:31Z,"+20 Contains PII (data classified as Restricted) | +10 Significant number of records affected (920) | +15 Suspicious activity detected by event classifier | +10 Suspicious action succeeded (confirmed exfiltration risk) | +5 Weak authentication used (password only, no MFA/SSO)"
INC-00734,60,High,agonneld@opensource.org,resource2,IAM,1,2022-11-12T18:34:20Z,"+20 Contains PII (data classified as Restricted) | +15 Data shared externally (outside organization) | +10 Significant number of records affected (261) | +10 Involves IAM (privilege escalation / credential risk) | +5 Weak authentication used (password only, no MFA/SSO)"
INC-00743,60,High,athake6p@myspace.com,resource1,Gmail,1,2022-11-16T20:29:33Z,"+20 Contains PII (data classified as Restricted) | +10 Significant number of records affected (484) | +15 Suspicious activity detected by event classifier | +10 High-risk action performed (export or policy change) | +5 Weak authentication used (password only, no MFA/SSO)"
INC-00751,60,High,acallicottnx@mozilla.org,resource1,BigQuery,1,2022-11-22T09:16:20Z,+20 Contains PII (data classified as Restricted) | +5 Data shared internally | +10 Significant number of records affected (876) | +5 High-risk action completed successfully | +10 Involves BigQuery (high-volume data export risk) | +10 High-risk action performed (export or policy change)
INC-00803,60,High,pdoldena2@privacy.gov.au,resource1,IAM,1,2022-12-20T02:23:41Z,"+20 Contains PII (data classified as Restricted) | +5 Data shared internally | +10 Significant number of records affected (586) | +10 Involves IAM (privilege escalation / credential risk) | +10 High-risk action performed (export or policy change) | +5 Weak authentication used (password only, no MFA/SSO)"
INC-00170,58,High,djosifovitz91@qq.com,resource2,BigQuery,1,2022-01-07T22:14:35Z,+5 Data shared internally | +10 Significant number of records affected (772) | +15 Suspicious activity detected by event classifier | +10 Suspicious action succeeded (confirmed exfiltration risk) | +10 Involves BigQuery (high-volume data export risk) | +8 Data movement action performed (download or share)
INC-00189,58,High,eeilerdl@mlb.com,resource2,Gmail,1,2022-01-17T23:44:40Z,+15 Data shared externally (outside organization) | +10 Significant number of records affected (262) | +15 Suspicious activity detected by event classifier | +10 Suspicious action succeeded (confirmed exfiltration risk) | +8 Data movement action performed (download or share)
INC-00257,58,High,wmatthiesenpu@hc360.com,resource1,Google Drive,1,2022-02-21T02:45:43Z,+20 Contains PII (data classified as Restricted) | +15 Data shared externally (outside organization) | +10 Significant number of records affected (607) | +5 High-risk action completed successfully | +8 Data movement action performed (download or share)
INC-00271,58,High,sdesesquelle3v@taobao.com,resource2,IAM,1,2022-02-27T16:53:45Z,+25 Data exposed publicly (highest sharing scope) | +10 Significant number of records affected (120) | +5 High-risk action completed successfully | +10 Involves IAM (privilege escalation / credential risk) | +8 Data movement action performed (download or share)
INC-00317,58,High,jphillins8i@clickbank.net,resource3,IAM,1,2022-03-21T08:48:57Z,+5 Data shared internally | +10 Significant number of records affected (474) | +15 Suspicious activity detected by event classifier | +10 Suspicious action succeeded (confirmed exfiltration risk) | +10 Involves IAM (privilege escalation / credential risk) | +8 Data movement action performed (download or share)
INC-00389,58,High,wkellington96@printfriendly.com,resource3,IAM,1,2022-04-22T09:46:09Z,"+20 Contains PII (data classified as Restricted) | +10 Significant number of records affected (329) | +5 High-risk action completed successfully | +10 Involves IAM (privilege escalation / credential risk) | +8 Data movement action performed (download or share) | +5 Weak authentication used (password only, no MFA/SSO)"
INC-00464,58,High,mbuckby5c@livejournal.com,resource3,Google Drive,1,2022-06-07T05:33:37Z,"+20 Contains PII (data classified as Restricted) | +15 Data shared externally (outside organization) | +10 Significant number of records affected (903) | +8 Data movement action performed (download or share) | +5 Weak authentication used (password only, no MFA/SSO)"
INC-00470,58,High,aderobertok8@cbsnews.com,resource3,Gmail,1,2022-06-10T21:13:36Z,"+15 Data shared externally (outside organization) | +5 Multiple records affected (43) | +15 Suspicious activity detected by event classifier | +10 Suspicious action succeeded (confirmed exfiltration risk) | +8 Data movement action performed (download or share) | +5 Weak authentication used (password only, no MFA/SSO)"
INC-00472,58,High,mpyperi2@sun.com,resource1,Gmail,1,2022-06-11T11:27:45Z,+20 Contains PII (data classified as Restricted) | +15 Data shared externally (outside organization) | +10 Significant number of records affected (321) | +5 High-risk action completed successfully | +8 Data movement action performed (download or share)
INC-00520,58,High,sziehms8k@cnbc.com,resource3,IAM,1,2022-07-09T02:05:43Z,+20 Contains PII (data classified as Restricted) | +5 Data shared internally | +10 Significant number of records affected (197) | +5 High-risk action completed successfully | +10 Involves IAM (privilege escalation / credential risk) | +8 Data movement action performed (download or share)
INC-00547,58,High,whassinr2@netlog.com,resource2,BigQuery,1,2022-07-22T00:00:24Z,+20 Contains PII (data classified as Restricted) | +5 Data shared internally | +10 Significant number of records affected (766) | +5 High-risk action completed successfully | +10 Involves BigQuery (high-volume data export risk) | +8 Data movement action performed (download or share)
INC-00614,58,High,nfranzonellokj@webeden.co.uk,resource3,IAM,1,2022-09-02T01:20:03Z,"+20 Contains PII (data classified as Restricted) | +10 Significant number of records affected (140) | +5 High-risk action completed successfully | +10 Involves IAM (privilege escalation / credential risk) | +8 Data movement action performed (download or share) | +5 Weak authentication used (password only, no MFA/SSO)"
INC-00686,58,High,mmishowfk@webs.com,resource3,Google Drive,1,2022-10-15T09:37:05Z,+20 Contains PII (data classified as Restricted) | +15 Data shared externally (outside organization) | +10 Significant number of records affected (317) | +5 High-risk action completed successfully | +8 Data movement action performed (download or share)
INC-00765,58,High,onuttingmr@google.cn,resource1,IAM,1,2022-11-26T19:14:25Z,"+10 Significant number of records affected (924) | +15 Suspicious activity detected by event classifier | +10 Suspicious action succeeded (confirmed exfiltration risk) | +10 Involves IAM (privilege escalation / credential risk) | +8 Data movement action performed (download or share) | +5 Weak authentication used (password only, no MFA/SSO)"
INC-00114,55,High,sparleyl5@hao123.com,resource3,Gmail,2,2022-06-25T02:30:35Z,+15 Data shared externally (outside organization) | +10 Significant number of records affected (629) | +15 Suspicious activity detected by event classifier | +10 Suspicious action succeeded (confirmed exfiltration risk) | +5 Two related events correlated into a single incident
INC-00153,55,High,mattock5i@1und1.de,resource2,Gmail,2,2022-12-22T02:00:33Z,+15 Data shared externally (outside organization) | +10 Significant number of records affected (552) | +15 Suspicious activity detected by event classifier | +10 High-risk action performed (export or policy change) | +5 Two related events correlated into a single incident
INC-00245,55,High,pmcgrealpt@squidoo.com,resource1,Cloud Storage,1,2022-02-16T00:00:07Z,"+20 Contains PII (data classified as Restricted) | +10 Significant number of records affected (852) | +5 Involves Cloud Storage (data exposure risk) | +15 Resource was made public | +5 Weak authentication used (password only, no MFA/SSO)"
INC-00246,55,High,kbrusbyob@cnn.com,resource3,Cloud Storage,1,2022-02-16T04:24:23Z,+20 Contains PII (data classified as Restricted) | +5 Data shared internally | +10 Significant number of records affected (535) | +15 Suspicious activity detected by event classifier | +5 Involves Cloud Storage (data exposure risk)
INC-00272,55,High,pwinckworthcp@un.org,resource2,Google Drive,1,2022-02-28T19:51:22Z,"+5 Data shared internally | +10 Significant number of records affected (674) | +15 Suspicious activity detected by event classifier | +10 Suspicious action succeeded (confirmed exfiltration risk) | +10 High-risk action performed (export or policy change) | +5 Weak authentication used (password only, no MFA/SSO)"
INC-00296,55,High,abullusgj@163.com,resource1,BigQuery,1,2022-03-13T00:02:25Z,+20 Contains PII (data classified as Restricted) | +10 Significant number of records affected (836) | +5 High-risk action completed successfully | +10 Involves BigQuery (high-volume data export risk) | +10 High-risk action performed (export or policy change)
INC-00319,55,High,bungerechts31@unblog.fr,resource3,Gmail,1,2022-03-21T20:17:08Z,+20 Contains PII (data classified as Restricted) | +10 Significant number of records affected (526) | +15 Suspicious activity detected by event classifier | +10 Suspicious action succeeded (confirmed exfiltration risk)
INC-00324,55,High,jzavittierioi@wufoo.com,resource3,Cloud Storage,1,2022-03-23T23:18:06Z,+25 Data exposed publicly (highest sharing scope) | +10 Significant number of records affected (887) | +15 Suspicious activity detected by event classifier | +5 Involves Cloud Storage (data exposure risk)
INC-00329,55,High,sohanleyrp@wordpress.org,resource3,IAM,1,2022-03-27T00:05:58Z,+20 Contains PII (data classified as Restricted) | +15 Data shared externally (outside organization) | +10 Significant number of records affected (541) | +10 Involves IAM (privilege escalation / credential risk)
INC-00363,55,High,geustanch8s@eventbrite.com,resource3,Google Drive,1,2022-04-11T05:50:08Z,+20 Contains PII (data classified as Restricted) | +10 Significant number of records affected (781) | +15 Suspicious activity detected by event classifier | +10 Suspicious action succeeded (confirmed exfiltration risk)
INC-00409,55,High,dgeraldc@ebay.co.uk,resource3,Cloud Storage,1,2022-05-07T18:44:31Z,+25 Data exposed publicly (highest sharing scope) | +10 Significant number of records affected (311) | +15 Suspicious activity detected by event classifier | +5 Involves Cloud Storage (data exposure risk)
INC-00415,55,High,atrowbridgekk@ibm.com,resource2,BigQuery,1,2022-05-11T19:26:49Z,+15 Data shared externally (outside organization) | +5 Multiple records affected (43) | +15 Suspicious activity detected by event classifier | +10 Involves BigQuery (high-volume data export risk) | +10 High-risk action performed (export or policy change)
INC-00426,55,High,iwhittockac@fema.gov,resource3,IAM,1,2022-05-19T08:16:00Z,+20 Contains PII (data classified as Restricted) | +10 Significant number of records affected (328) | +5 High-risk action completed successfully | +10 Involves IAM (privilege escalation / credential risk) | +10 High-risk action performed (export or policy change)
INC-00432,55,High,arustonec@google.com.hk,resource1,Google Drive,1,2022-05-22T20:16:26Z,"+15 Data shared externally (outside organization) | +10 Significant number of records affected (932) | +15 Suspicious activity detected by event classifier | +10 Suspicious action succeeded (confirmed exfiltration risk) | +5 Weak authentication used (password only, no MFA/SSO)"
INC-00448,55,High,lburdounq7@unicef.org,resource3,BigQuery,1,2022-05-31T10:10:26Z,+20 Contains PII (data classified as Restricted) | +15 Data shared externally (outside organization) | +10 Significant number of records affected (777) | +10 Involves BigQuery (high-volume data export risk)
INC-00452,55,High,fglyssanneim@boston.com,resource1,IAM,1,2022-06-01T09:01:45Z,+20 Contains PII (data classified as Restricted) | +10 Significant number of records affected (300) | +10 Involves IAM (privilege escalation / credential risk) | +15 Resource was made public
INC-00495,55,High,rwestbury51@example.com,resource2,Google Drive,1,2022-06-25T22:11:08Z,+20 Contains PII (data classified as Restricted) | +15 Data shared externally (outside organization) | +10 Significant number of records affected (213) | +10 High-risk action performed (export or policy change)
INC-00502,55,High,jkilner35@ow.ly,resource1,Google Drive,1,2022-06-28T20:05:07Z,+5 Data shared internally | +10 Significant number of records affected (306) | +15 Suspicious activity detected by event classifier | +10 Suspicious action succeeded (confirmed exfiltration risk) | +15 Resource was made public
INC-00507,55,High,kgretham7p@51.la,resource1,IAM,1,2022-07-01T18:19:41Z,"+5 Data shared internally | +10 Significant number of records affected (256) | +15 Suspicious activity detected by event classifier | +10 Suspicious action succeeded (confirmed exfiltration risk) | +10 Involves IAM (privilege escalation / credential risk) | +5 Weak authentication used (password only, no MFA/SSO)"
INC-00511,55,High,dcream6n@flickr.com,resource2,BigQuery,1,2022-07-03T21:42:47Z,"+15 Data shared externally (outside organization) | +10 Significant number of records affected (843) | +15 Suspicious activity detected by event classifier | +10 Involves BigQuery (high-volume data export risk) | +5 Weak authentication used (password only, no MFA/SSO)"
INC-00517,55,High,bsidon2@skyrock.com,resource1,Google Drive,1,2022-07-08T16:47:38Z,+20 Contains PII (data classified as Restricted) | +15 Data shared externally (outside organization) | +10 Significant number of records affected (727) | +10 High-risk action performed (export or policy change)
INC-00518,55,High,nmacskeaganpq@imgur.com,resource3,BigQuery,1,2022-07-08T17:51:18Z,"+15 Data shared externally (outside organization) | +10 Significant number of records affected (354) | +5 High-risk action completed successfully | +10 Involves BigQuery (high-volume data export risk) | +10 High-risk action performed (export or policy change) | +5 Weak authentication used (password only, no MFA/SSO)"
INC-00519,55,High,rkemerch@liveinternet.ru,resource1,BigQuery,1,2022-07-08T23:07:47Z,+20 Contains PII (data classified as Restricted) | +10 Significant number of records affected (258) | +15 Suspicious activity detected by event classifier | +10 Involves BigQuery (high-volume data export risk)
INC-00540,55,High,mcritzenro@fema.gov,resource2,IAM,1,2022-07-19T15:54:42Z,"+15 Data shared externally (outside organization) | +10 Significant number of records affected (800) | +15 Suspicious activity detected by event classifier | +10 Involves IAM (privilege escalation / credential risk) | +5 Weak authentication used (password only, no MFA/SSO)"
INC-00576,55,High,asharpleaz@epa.gov,resource2,Cloud Storage,1,2022-08-12T15:36:51Z,"+5 Data shared internally | +10 Significant number of records affected (318) | +15 Suspicious activity detected by event classifier | +5 Involves Cloud Storage (data exposure risk) | +15 Resource was made public | +5 Weak authentication used (password only, no MFA/SSO)"
INC-00578,55,High,jbradder7@washingtonpost.com,resource2,BigQuery,1,2022-08-13T08:15:16Z,+20 Contains PII (data classified as Restricted) | +10 Significant number of records affected (765) | +15 Suspicious activity detected by event classifier | +10 Involves BigQuery (high-volume data export risk)
INC-00604,55,High,rleathardb9@mapy.cz,resource2,IAM,1,2022-08-28T04:59:19Z,+20 Contains PII (data classified as Restricted) | +10 Significant number of records affected (291) | +15 Suspicious activity detected by event classifier | +10 Involves IAM (privilege escalation / credential risk)
INC-00611,55,High,mfrohockbw@slate.com,resource2,Google Drive,1,2022-09-01T01:14:07Z,+20 Contains PII (data classified as Restricted) | +10 Significant number of records affected (899) | +15 Suspicious activity detected by event classifier | +10 High-risk action performed (export or policy change)
INC-00619,55,High,mwycliffe9d@china.com.cn,resource3,IAM,1,2022-09-06T06:50:47Z,+25 Data exposed publicly (highest sharing scope) | +5 Multiple records affected (72) | +5 High-risk action completed successfully | +10 Involves IAM (privilege escalation / credential risk) | +10 High-risk action performed (export or policy change)
INC-00620,55,High,sskaidhj@unicef.org,resource1,Gmail,1,2022-09-06T12:23:43Z,+5 Data shared internally | +10 Significant number of records affected (808) | +15 Suspicious activity detected by event classifier | +10 Suspicious action succeeded (confirmed exfiltration risk) | +15 Resource was made public
INC-00665,55,High,kgritland1w@163.com,resource1,Gmail,1,2022-10-02T08:22:02Z,"+25 Data exposed publicly (highest sharing scope) | +10 Significant number of records affected (593) | +5 High-risk action completed successfully | +10 High-risk action performed (export or policy change) | +5 Weak authentication used (password only, no MFA/SSO)"
INC-00666,55,High,cshuttellfm@hp.com,resource1,IAM,1,2022-10-02T12:10:41Z,"+20 Contains PII (data classified as Restricted) | +10 Significant number of records affected (934) | +10 Involves IAM (privilege escalation / credential risk) | +10 High-risk action performed (export or policy change) | +5 Weak authentication used (password only, no MFA/SSO)"
INC-00667,55,High,rthirlaway9p@hhs.gov,resource2,BigQuery,1,2022-10-03T09:36:30Z,+20 Contains PII (data classified as Restricted) | +5 Data shared internally | +10 Significant number of records affected (237) | +10 Involves BigQuery (high-volume data export risk) | +10 High-risk action performed (export or policy change)
INC-00668,55,High,zkilgallon3a@cornell.edu,resource2,Gmail,1,2022-10-04T04:35:16Z,+20 Contains PII (data classified as Restricted) | +10 Significant number of records affected (934) | +15 Suspicious activity detected by event classifier | +10 High-risk action performed (export or policy change)
INC-00679,55,High,mbroomer1a@ustream.tv,resource2,BigQuery,1,2022-10-10T06:45:23Z,"+20 Contains PII (data classified as Restricted) | +5 Multiple records affected (74) | +5 High-risk action completed successfully | +10 Involves BigQuery (high-volume data export risk) | +10 High-risk action performed (export or policy change) | +5 Weak authentication used (password only, no MFA/SSO)"
INC-00680,55,High,mkurtn4@wsj.com,resource1,Cloud Storage,1,2022-10-10T10:35:05Z,+10 Significant number of records affected (521) | +15 Suspicious activity detected by event classifier | +10 Suspicious action succeeded (confirmed exfiltration risk) | +5 Involves Cloud Storage (data exposure risk) | +15 Resource was made public
INC-00691,55,High,acosgravepk@edublogs.org,resource1,IAM,1,2022-10-18T02:47:14Z,+20 Contains PII (data classified as Restricted) | +5 Data shared internally | +10 Significant number of records affected (454) | +10 Involves IAM (privilege escalation / credential risk) | +10 High-risk action performed (export or policy change)
INC-00705,55,High,udelort22@businessinsider.com,resource1,Google Drive,1,2022-10-27T11:41:27Z,+15 Data shared externally (outside organization) | +10 Significant number of records affected (353) | +15 Suspicious activity detected by event classifier | +15 Resource was made public
INC-00713,55,High,abissellbb@howstuffworks.com,resource3,IAM,1,2022-11-02T23:48:21Z,+20 Contains PII (data classified as Restricted) | +10 Significant number of records affected (323) | +15 Suspicious activity detected by event classifier | +10 Involves IAM (privilege escalation / credential risk)
INC-00716,55,High,zkarlolczak8e@fda.gov,resource2,BigQuery,1,2022-11-04T02:15:08Z,+5 Data shared internally | +10 Significant number of records affected (349) | +15 Suspicious activity detected by event classifier | +10 Involves BigQuery (high-volume data export risk) | +15 Resource was made public
INC-00718,55,High,dbeaglesqq@dropbox.com,resource3,IAM,1,2022-11-05T22:17:13Z,+20 Contains PII (data classified as Restricted) | +15 Data shared externally (outside organization) | +10 Significant number of records affected (975) | +10 Involves IAM (privilege escalation / credential risk)
INC-00721,55,High,hsiveterly@joomla.org,resource1,Cloud Storage,1,2022-11-06T20:51:19Z,+20 Contains PII (data classified as Restricted) | +5 Data shared internally | +10 Significant number of records affected (227) | +5 High-risk action completed successfully | +5 Involves Cloud Storage (data exposure risk) | +10 High-risk action performed (export or policy change)
INC-00722,55,High,cdebankerm@telegraph.co.uk,resource2,Google Drive,1,2022-11-06T22:46:04Z,+20 Contains PII (data classified as Restricted) | +25 Data exposed publicly (highest sharing scope) | +10 Significant number of records affected (497)
INC-00727,55,High,lbrokr8@time.com,resource2,Google Drive,1,2022-11-09T10:45:47Z,"+20 Contains PII (data classified as Restricted) | +5 Data shared internally | +10 Significant number of records affected (741) | +15 Resource was made public | +5 Weak authentication used (password only, no MFA/SSO)"
INC-00764,55,High,wricardsal@washingtonpost.com,resource2,Cloud Storage,1,2022-11-26T05:43:32Z,"+10 Significant number of records affected (941) | +15 Suspicious activity detected by event classifier | +10 Suspicious action succeeded (confirmed exfiltration risk) | +5 Involves Cloud Storage (data exposure risk) | +10 High-risk action performed (export or policy change) | +5 Weak authentication used (password only, no MFA/SSO)"
INC-00766,55,High,bgarwell49@statcounter.com,resource3,Cloud Storage,1,2022-11-28T16:06:37Z,+25 Data exposed publicly (highest sharing scope) | +10 Significant number of records affected (572) | +15 Suspicious activity detected by event classifier | +5 Involves Cloud Storage (data exposure risk)
INC-00767,55,High,acoulbeck4l@gnu.org,resource2,IAM,1,2022-11-29T05:42:47Z,"+5 Data shared internally | +10 Significant number of records affected (856) | +15 Suspicious activity detected by event classifier | +10 Involves IAM (privilege escalation / credential risk) | +10 High-risk action performed (export or policy change) | +5 Weak authentication used (password only, no MFA/SSO)"
INC-00779,55,High,dgrishechkinft@linkedin.com,resource3,IAM,1,2022-12-05T17:54:58Z,+20 Contains PII (data classified as Restricted) | +15 Data shared externally (outside organization) | +10 Significant number of records affected (629) | +10 Involves IAM (privilege escalation / credential risk)
INC-00783,55,High,rslaynyev@independent.co.uk,resource1,Cloud Storage,1,2022-12-09T02:05:43Z,+25 Data exposed publicly (highest sharing scope) | +10 Significant number of records affected (598) | +15 Suspicious activity detected by event classifier | +5 Involves Cloud Storage (data exposure risk)
INC-00799,55,High,bmuscat8n@goo.ne.jp,resource1,IAM,1,2022-12-17T03:57:47Z,+20 Contains PII (data classified as Restricted) | +10 Significant number of records affected (672) | +15 Suspicious activity detected by event classifier | +10 Involves IAM (privilege escalation / credential risk)
INC-00801,55,High,arennebachcu@phoca.cz,resource1,Cloud Storage,1,2022-12-18T12:50:41Z,+5 Data shared internally | +10 Significant number of records affected (173) | +15 Suspicious activity detected by event classifier | +10 Suspicious action succeeded (confirmed exfiltration risk) | +5 Involves Cloud Storage (data exposure risk) | +10 High-risk action performed (export or policy change)
INC-00002,53,High,dmcaloren26@mapy.cz,resource2,Cloud Storage,2,2022-01-10T23:26:08Z,"+5 Data shared internally | +10 Significant number of records affected (939) | +15 Suspicious activity detected by event classifier | +5 Involves Cloud Storage (data exposure risk) | +8 Data movement action performed (download or share) | +5 Weak authentication used (password only, no MFA/SSO) | +5 Two related events correlated into a single incident"
INC-00034,53,High,kmctavybc@marriott.com,resource1,Cloud Storage,2,2022-07-05T22:14:26Z,+20 Contains PII (data classified as Restricted) | +10 Significant number of records affected (330) | +10 Involves IAM (privilege escalation / credential risk) | +8 Data movement action performed (download or share) | +5 Two related events correlated into a single incident
INC-00051,53,High,atrevettjl@opera.com,resource3,Google Drive,2,2022-09-25T15:15:39Z,"+20 Contains PII (data classified as Restricted) | +10 Significant number of records affected (358) | +5 High-risk action completed successfully | +8 Data movement action performed (download or share) | +5 Weak authentication used (password only, no MFA/SSO) | +5 Two related events correlated into a single incident"
INC-00225,53,High,mbardeyrc@wufoo.com,resource2,Cloud Storage,1,2022-01-30T16:07:15Z,"+10 Significant number of records affected (567) | +15 Suspicious activity detected by event classifier | +10 Suspicious action succeeded (confirmed exfiltration risk) | +5 Involves Cloud Storage (data exposure risk) | +8 Data movement action performed (download or share) | +5 Weak authentication used (password only, no MFA/SSO)"
INC-00420,53,High,mrudolferan@people.com.cn,resource3,BigQuery,1,2022-05-14T20:48:14Z,+20 Contains PII (data classified as Restricted) | +10 Significant number of records affected (375) | +5 High-risk action completed successfully | +10 Involves BigQuery (high-volume data export risk) | +8 Data movement action performed (download or share)
INC-00440,53,High,lkramerng@csmonitor.com,resource2,IAM,1,2022-05-27T19:03:03Z,+20 Contains PII (data classified as Restricted) | +10 Significant number of records affected (785) | +5 High-risk action completed successfully | +10 Involves IAM (privilege escalation / credential risk) | +8 Data movement action performed (download or share)
INC-00521,53,High,hbezants9m@prweb.com,resource3,Google Drive,1,2022-07-09T11:06:45Z,+20 Contains PII (data classified as Restricted) | +15 Data shared externally (outside organization) | +10 Significant number of records affected (108) | +8 Data movement action performed (download or share)
INC-00567,53,High,idilrewcb@sciencedaily.com,resource1,Cloud Storage,1,2022-08-04T03:11:15Z,+20 Contains PII (data classified as Restricted) | +5 Data shared internally | +10 Significant number of records affected (544) | +5 High-risk action completed successfully | +5 Involves Cloud Storage (data exposure risk) | +8 Data movement action performed (download or share)
INC-00628,53,High,dtruckelll6@nyu.edu,resource3,Google Drive,1,2022-09-09T19:04:50Z,+20 Contains PII (data classified as Restricted) | +10 Significant number of records affected (823) | +15 Suspicious activity detected by event classifier | +8 Data movement action performed (download or share)
INC-00635,53,High,cbarthropeb@huffingtonpost.com,resource2,Gmail,1,2022-09-15T17:28:59Z,+20 Contains PII (data classified as Restricted) | +10 Significant number of records affected (143) | +15 Suspicious activity detected by event classifier | +8 Data movement action performed (download or share)
INC-00649,53,High,tbegginfy@google.nl,resource2,IAM,1,2022-09-25T08:07:06Z,"+5 Data shared internally | +10 Significant number of records affected (864) | +15 Suspicious activity detected by event classifier | +10 Involves IAM (privilege escalation / credential risk) | +8 Data movement action performed (download or share) | +5 Weak authentication used (password only, no MFA/SSO)"
INC-00653,53,High,kpetowks@nyu.edu,resource1,Cloud Storage,1,2022-09-28T21:53:08Z,+20 Contains PII (data classified as Restricted) | +5 Data shared internally | +10 Significant number of records affected (521) | +5 High-risk action completed successfully | +5 Involves Cloud Storage (data exposure risk) | +8 Data movement action performed (download or share)
INC-00675,53,High,cshellidayh6@blogger.com,resource3,BigQuery,1,2022-10-06T06:36:37Z,+20 Contains PII (data classified as Restricted) | +10 Significant number of records affected (840) | +5 High-risk action completed successfully | +10 Involves BigQuery (high-volume data export risk) | +8 Data movement action performed (download or share)
INC-00690,53,High,lcouthard0@furl.net,resource1,IAM,1,2022-10-18T01:08:57Z,"+15 Data shared externally (outside organization) | +10 Significant number of records affected (270) | +5 High-risk action completed successfully | +10 Involves IAM (privilege escalation / credential risk) | +8 Data movement action performed (download or share) | +5 Weak authentication used (password only, no MFA/SSO)"
INC-00710,53,High,smalthouseqp@cpanel.net,resource3,BigQuery,1,2022-11-02T17:13:14Z,+10 Significant number of records affected (810) | +15 Suspicious activity detected by event classifier | +10 Suspicious action succeeded (confirmed exfiltration risk) | +10 Involves BigQuery (high-volume data export risk) | +8 Data movement action performed (download or share)
INC-00711,53,High,wkubatschpi@nymag.com,resource1,BigQuery,1,2022-11-02T17:25:58Z,"+20 Contains PII (data classified as Restricted) | +5 Multiple records affected (82) | +5 High-risk action completed successfully | +10 Involves BigQuery (high-volume data export risk) | +8 Data movement action performed (download or share) | +5 Weak authentication used (password only, no MFA/SSO)"
INC-00740,53,High,kaskem6a@toplist.cz,resource1,Cloud Storage,1,2022-11-16T02:14:10Z,+5 Data shared internally | +10 Significant number of records affected (176) | +15 Suspicious activity detected by event classifier | +10 Suspicious action succeeded (confirmed exfiltration risk) | +5 Involves Cloud Storage (data exposure risk) | +8 Data movement action performed (download or share)
INC-00780,53,High,sshowtnd@hhs.gov,resource1,IAM,1,2022-12-06T09:46:23Z,+25 Data exposed publicly (highest sharing scope) | +10 Significant number of records affected (402) | +10 Involves IAM (privilege escalation / credential risk) | +8 Data movement action performed (download or share)
INC-00784,53,High,bstonhousefw@bizjournals.com,resource1,IAM,1,2022-12-09T09:12:47Z,+20 Contains PII (data classified as Restricted) | +10 Significant number of records affected (377) | +5 High-risk action completed successfully | +10 Involves IAM (privilege escalation / credential risk) | +8 Data movement action performed (download or share)
INC-00798,53,High,cjerromesju@usatoday.com,resource1,BigQuery,1,2022-12-16T18:40:49Z,+25 Data exposed publicly (highest sharing scope) | +10 Significant number of records affected (135) | +10 Involves BigQuery (high-volume data export risk) | +8 Data movement action performed (download or share)
INC-00122,50,High,ebeanyjq@buzzfeed.com,resource3,Cloud Storage,2,2022-07-16T19:42:26Z,+15 Data shared externally (outside organization) | +10 Significant number of records affected (919) | +15 Suspicious activity detected by event classifier | +5 Involves Cloud Storage (data exposure risk) | +5 Two related events correlated into a single incident
INC-00191,50,High,jboreck@paypal.com,resource2,BigQuery,1,2022-01-18T09:30:22Z,+15 Data shared externally (outside organization) | +10 Significant number of records affected (168) | +10 Involves BigQuery (high-volume data export risk) | +15 Resource was made public
INC-00202,50,High,bstroverpj@intel.com,resource3,Google Drive,1,2022-01-25T00:55:15Z,+5 Data shared internally | +10 Significant number of records affected (705) | +15 Suspicious activity detected by event classifier | +10 Suspicious action succeeded (confirmed exfiltration risk) | +10 High-risk action performed (export or policy change)
INC-00241,50,High,ahamertondz@china.com.cn,resource2,Gmail,1,2022-02-11T05:56:54Z,+15 Data shared externally (outside organization) | +10 Significant number of records affected (112) | +15 Suspicious activity detected by event classifier | +10 Suspicious action succeeded (confirmed exfiltration risk)
INC-00269,50,High,ckenewelgc@bluehost.com,resource1,Cloud Storage,1,2022-02-26T17:37:08Z,+20 Contains PII (data classified as Restricted) | +5 Data shared internally | +10 Significant number of records affected (647) | +5 Involves Cloud Storage (data exposure risk) | +10 High-risk action performed (export or policy change)
INC-00274,50,High,bspurgekd@google.es,resource3,Gmail,1,2022-03-01T06:34:51Z,+15 Data shared externally (outside organization) | +10 Significant number of records affected (639) | +15 Suspicious activity detected by event classifier | +10 High-risk action performed (export or policy change)
INC-00277,50,High,nrapi10@stumbleupon.com,resource3,Google Drive,1,2022-03-02T14:48:13Z,+15 Data shared externally (outside organization) | +10 Significant number of records affected (471) | +15 Suspicious activity detected by event classifier | +10 Suspicious action succeeded (confirmed exfiltration risk)
INC-00294,50,High,vwhewayo2@dailymail.co.uk,resource1,IAM,1,2022-03-12T10:59:52Z,"+25 Data exposed publicly (highest sharing scope) | +10 Significant number of records affected (809) | +10 Involves IAM (privilege escalation / credential risk) | +5 Weak authentication used (password only, no MFA/SSO)"
INC-00303,50,High,pfruenm5@wsj.com,resource3,IAM,1,2022-03-16T12:50:19Z,"+15 Data shared externally (outside organization) | +10 Significant number of records affected (713) | +10 Involves IAM (privilege escalation / credential risk) | +10 High-risk action performed (export or policy change) | +5 Weak authentication used (password only, no MFA/SSO)"
INC-00310,50,High,fohoganc3@tiny.cc,resource3,BigQuery,1,2022-03-19T12:02:23Z,"+15 Data shared externally (outside organization) | +10 Significant number of records affected (692) | +10 Involves BigQuery (high-volume data export risk) | +10 High-risk action performed (export or policy change) | +5 Weak authentication used (password only, no MFA/SSO)"
INC-00334,50,High,segiloffm8@dedecms.com,resource2,Cloud Storage,1,2022-03-30T06:26:21Z,"+5 Data shared internally | +10 Significant number of records affected (876) | +15 Suspicious activity detected by event classifier | +5 Involves Cloud Storage (data exposure risk) | +10 High-risk action performed (export or policy change) | +5 Weak authentication used (password only, no MFA/SSO)"
INC-00341,50,High,gtraviss9q@google.pl,resource1,Gmail,1,2022-04-02T12:49:00Z,+20 Contains PII (data classified as Restricted) | +5 Data shared internally | +10 Significant number of records affected (829) | +5 High-risk action completed successfully | +10 High-risk action performed (export or policy change)
INC-00347,50,High,ebaumfordf4@nps.gov,resource1,Cloud Storage,1,2022-04-04T04:45:14Z,+10 Significant number of records affected (361) | +15 Suspicious activity detected by event classifier | +10 Suspicious action succeeded (confirmed exfiltration risk) | +5 Involves Cloud Storage (data exposure risk) | +10 High-risk action performed (export or policy change)
INC-00348,50,High,centres2a@bluehost.com,resource2,Cloud Storage,1,2022-04-04T07:20:21Z,"+20 Contains PII (data classified as Restricted) | +10 Significant number of records affected (562) | +5 Involves Cloud Storage (data exposure risk) | +10 High-risk action performed (export or policy change) | +5 Weak authentication used (password only, no MFA/SSO)"
INC-00353,50,High,mclemmensenhu@walmart.com,resource1,Gmail,1,2022-04-06T20:41:53Z,"+20 Contains PII (data classified as Restricted) | +10 Significant number of records affected (903) | +15 Suspicious activity detected by event classifier | +5 Weak authentication used (password only, no MFA/SSO)"
INC-00357,50,High,nwaddicoram@free.fr,resource1,Cloud Storage,1,2022-04-08T06:18:33Z,"+10 Significant number of records affected (147) | +15 Suspicious activity detected by event classifier | +5 Involves Cloud Storage (data exposure risk) | +15 Resource was made public | +5 Weak authentication used (password only, no MFA/SSO)"
INC-00359,50,High,mtosspellq5@usatoday.com,resource1,Google Drive,1,2022-04-08T14:16:31Z,+20 Contains PII (data classified as Restricted) | +5 Data shared internally | +10 Significant number of records affected (487) | +15 Suspicious activity detected by event classifier
INC-00360,50,High,bmarchellim9@census.gov,resource2,BigQuery,1,2022-04-09T05:47:43Z,"+10 Significant number of records affected (582) | +15 Suspicious activity detected by event classifier | +10 Involves BigQuery (high-volume data export risk) | +10 High-risk action performed (export or policy change) | +5 Weak authentication used (password only, no MFA/SSO)"
INC-00370,50,High,tmievillehr@ovh.net,resource1,IAM,1,2022-04-15T15:56:24Z,"+20 Contains PII (data classified as Restricted) | +5 Data shared internally | +10 Significant number of records affected (154) | +10 Involves IAM (privilege escalation / credential risk) | +5 Weak authentication used (password only, no MFA/SSO)"
INC-00380,50,High,eeldrett99@live.com,resource3,BigQuery,1,2022-04-19T00:06:54Z,+15 Data shared externally (outside organization) | +10 Significant number of records affected (959) | +5 High-risk action completed successfully | +10 Involves BigQuery (high-volume data export risk) | +10 High-risk action performed (export or policy change)
INC-00382,50,High,lwohlersq1@si.edu,resource2,Cloud Storage,1,2022-04-19T16:36:13Z,+20 Contains PII (data classified as Restricted) | +15 Data shared externally (outside organization) | +10 Significant number of records affected (919) | +5 Involves Cloud Storage (data exposure risk)
INC-00383,50,High,avanshin8v@earthlink.net,resource1,BigQuery,1,2022-04-20T15:46:02Z,+10 Significant number of records affected (598) | +15 Suspicious activity detected by event classifier | +10 Involves BigQuery (high-volume data export risk) | +15 Resource was made public
INC-00387,50,High,fbrookingkl@homestead.com,resource3,Cloud Storage,1,2022-04-21T23:44:00Z,+20 Contains PII (data classified as Restricted) | +10 Significant number of records affected (728) | +5 High-risk action completed successfully | +5 Involves Cloud Storage (data exposure risk) | +10 High-risk action performed (export or policy change)
INC-00393,50,High,ddufore4n@rakuten.co.jp,resource1,Google Drive,1,2022-04-27T14:53:05Z,+25 Data exposed publicly (highest sharing scope) | +10 Significant number of records affected (873) | +15 Suspicious activity detected by event classifier
INC-00412,50,High,mskyramd6@usgs.gov,resource3,Cloud Storage,1,2022-05-08T22:31:30Z,"+20 Contains PII (data classified as Restricted) | +10 Significant number of records affected (591) | +5 Involves Cloud Storage (data exposure risk) | +10 High-risk action performed (export or policy change) | +5 Weak authentication used (password only, no MFA/SSO)"
INC-00414,50,High,nwastlinghk@ed.gov,resource3,BigQuery,1,2022-05-11T01:02:22Z,"+5 Data shared internally | +10 Significant number of records affected (829) | +5 High-risk action completed successfully | +10 Involves BigQuery (high-volume data export risk) | +15 Resource was made public | +5 Weak authentication used (password only, no MFA/SSO)"
INC-00419,50,High,gdelepineu@mayoclinic.com,resource3,Google Drive,1,2022-05-14T14:03:12Z,+10 Significant number of records affected (562) | +15 Suspicious activity detected by event classifier | +10 Suspicious action succeeded (confirmed exfiltration risk) | +15 Resource was made public
INC-00431,50,High,sbasill8h@exblog.jp,resource2,Cloud Storage,1,2022-05-22T13:41:20Z,+20 Contains PII (data classified as Restricted) | +5 Data shared internally | +5 Multiple records affected (85) | +5 High-risk action completed successfully | +5 Involves Cloud Storage (data exposure risk) | +10 High-risk action performed (export or policy change)
INC-00449,50,High,mhaughanc7@github.io,resource2,IAM,1,2022-05-31T11:18:56Z,+20 Contains PII (data classified as Restricted) | +10 Significant number of records affected (348) | +10 Involves IAM (privilege escalation / credential risk) | +10 High-risk action performed (export or policy change)
INC-00460,50,High,ihealrl@indiatimes.com,resource2,Cloud Storage,1,2022-06-03T22:31:01Z,+20 Contains PII (data classified as Restricted) | +10 Significant number of records affected (406) | +15 Suspicious activity detected by event classifier | +5 Involves Cloud Storage (data exposure risk)
INC-00462,50,High,sforri1z@google.com.br,resource3,Google Drive,1,2022-06-06T04:46:26Z,+20 Contains PII (data classified as Restricted) | +5 Data shared internally | +10 Significant number of records affected (413) | +15 Resource was made public
INC-00474,50,High,smilmopd@mit.edu,resource1,IAM,1,2022-06-12T12:29:07Z,+5 Data shared internally | +10 Significant number of records affected (124) | +15 Suspicious activity detected by event classifier | +10 Suspicious action succeeded (confirmed exfiltration risk) | +10 Involves IAM (privilege escalation / credential risk)
INC-00494,50,High,vbloomanpg@seattletimes.com,resource3,BigQuery,1,2022-06-25T14:39:28Z,"+20 Contains PII (data classified as Restricted) | +5 Data shared internally | +10 Significant number of records affected (535) | +10 Involves BigQuery (high-volume data export risk) | +5 Weak authentication used (password only, no MFA/SSO)"
INC-00512,50,High,crawesqr@dailymail.co.uk,resource1,Gmail,1,2022-07-04T03:57:45Z,"+20 Contains PII (data classified as Restricted) | +15 Data shared externally (outside organization) | +10 Significant number of records affected (583) | +5 Weak authentication used (password only, no MFA/SSO)"
INC-00533,50,High,ccatterilljd@tripadvisor.com,resource2,Cloud Storage,1,2022-07-15T16:14:36Z,+20 Contains PII (data classified as Restricted) | +10 Significant number of records affected (755) | +5 High-risk action completed successfully | +5 Involves Cloud Storage (data exposure risk) | +10 High-risk action performed (export or policy change)
INC-00534,50,High,lbeertik@smh.com.au,resource3,Cloud Storage,1,2022-07-16T22:45:16Z,+20 Contains PII (data classified as Restricted) | +5 Data shared internally | +10 Significant number of records affected (523) | +5 Involves Cloud Storage (data exposure risk) | +10 High-risk action performed (export or policy change)
INC-00538,50,High,jtopleybm@xing.com,resource2,BigQuery,1,2022-07-19T06:11:40Z,+5 Data shared internally | +10 Significant number of records affected (933) | +15 Suspicious activity detected by event classifier | +10 Suspicious action succeeded (confirmed exfiltration risk) | +10 Involves BigQuery (high-volume data export risk)
INC-00564,50,High,kbutchers9@delicious.com,resource3,IAM,1,2022-07-31T12:04:36Z,"+5 Data shared internally | +10 Significant number of records affected (143) | +5 High-risk action completed successfully | +10 Involves IAM (privilege escalation / credential risk) | +15 Resource was made public | +5 Weak authentication used (password only, no MFA/SSO)"
INC-00579,50,High,clyddyard4r@blogspot.com,resource3,Gmail,1,2022-08-13T16:09:28Z,+20 Contains PII (data classified as Restricted) | +25 Data exposed publicly (highest sharing scope) | +5 Multiple records affected (72)
INC-00622,50,High,hprinth8@lycos.com,resource2,Google Drive,1,2022-09-07T23:55:10Z,+10 Significant number of records affected (641) | +15 Suspicious activity detected by event classifier | +10 Suspicious action succeeded (confirmed exfiltration risk) | +15 Resource was made public
INC-00625,50,High,aadamovicht@a8.net,resource1,IAM,1,2022-09-08T10:10:32Z,"+15 Data shared externally (outside organization) | +10 Significant number of records affected (980) | +10 Involves IAM (privilege escalation / credential risk) | +10 High-risk action performed (export or policy change) | +5 Weak authentication used (password only, no MFA/SSO)"
INC-00640,50,High,nwybernhh@ning.com,resource2,Cloud Storage,1,2022-09-17T08:02:25Z,+20 Contains PII (data classified as Restricted) | +15 Data shared externally (outside organization) | +10 Significant number of records affected (406) | +5 Involves Cloud Storage (data exposure risk)
INC-00672,50,High,dyousef9a@seattletimes.com,resource3,Cloud Storage,1,2022-10-05T00:59:15Z,+20 Contains PII (data classified as Restricted) | +15 Data shared externally (outside organization) | +10 Significant number of records affected (738) | +5 Involves Cloud Storage (data exposure risk)
INC-00707,50,High,rmctaggartpl@wikimedia.org,resource3,Gmail,1,2022-10-30T10:57:02Z,+15 Data shared externally (outside organization) | +10 Significant number of records affected (246) | +15 Suspicious activity detected by event classifier | +10 Suspicious action succeeded (confirmed exfiltration risk)
INC-00717,50,High,gworrelliz@edublogs.org,resource1,IAM,1,2022-11-05T18:25:51Z,+15 Data shared externally (outside organization) | +10 Significant number of records affected (326) | +15 Suspicious activity detected by event classifier | +10 Involves IAM (privilege escalation / credential risk)
INC-00742,50,High,bjohann12@state.tx.us,resource1,Gmail,1,2022-11-16T09:40:44Z,+25 Data exposed publicly (highest sharing scope) | +10 Significant number of records affected (778) | +15 Suspicious activity detected by event classifier
INC-00744,50,High,gandrelli57@goo.ne.jp,resource2,Cloud Storage,1,2022-11-17T18:51:49Z,+20 Contains PII (data classified as Restricted) | +10 Significant number of records affected (964) | +15 Suspicious activity detected by event classifier | +5 Involves Cloud Storage (data exposure risk)
INC-00753,50,High,vgronousjk@techcrunch.com,resource1,Cloud Storage,1,2022-11-22T20:48:29Z,+20 Contains PII (data classified as Restricted) | +5 Data shared internally | +10 Significant number of records affected (266) | +5 Involves Cloud Storage (data exposure risk) | +10 High-risk action performed (export or policy change)
INC-00768,50,High,lpretsell2l@si.edu,resource3,Cloud Storage,1,2022-11-29T08:55:15Z,+20 Contains PII (data classified as Restricted) | +5 Data shared internally | +10 Significant number of records affected (732) | +5 Involves Cloud Storage (data exposure risk) | +10 High-risk action performed (export or policy change)
INC-00776,50,High,grosenboim97@t-online.de,resource3,IAM,1,2022-12-04T20:21:38Z,"+10 Significant number of records affected (310) | +15 Suspicious activity detected by event classifier | +10 Suspicious action succeeded (confirmed exfiltration risk) | +10 Involves IAM (privilege escalation / credential risk) | +5 Weak authentication used (password only, no MFA/SSO)"
INC-00777,50,High,wbligh6t@addthis.com,resource1,Gmail,1,2022-12-05T14:15:27Z,+20 Contains PII (data classified as Restricted) | +5 Data shared internally | +10 Significant number of records affected (423) | +5 High-risk action completed successfully | +10 High-risk action performed (export or policy change)
INC-00778,50,High,kwoolnere0@clickbank.net,resource3,Google Drive,1,2022-12-05T17:50:45Z,+15 Data shared externally (outside organization) | +10 Significant number of records affected (786) | +15 Suspicious activity detected by event classifier | +10 High-risk action performed (export or policy change)
INC-00781,50,High,smcmurthy3i@google.ca,resource1,Cloud Storage,1,2022-12-08T03:47:23Z,+20 Contains PII (data classified as Restricted) | +15 Data shared externally (outside organization) | +10 Significant number of records affected (253) | +5 Involves Cloud Storage (data exposure risk)
INC-00808,50,High,hhammarbergko@zdnet.com,resource3,Google Drive,1,2022-12-24T05:45:22Z,"+20 Contains PII (data classified as Restricted) | +10 Significant number of records affected (739) | +5 High-risk action completed successfully | +10 High-risk action performed (export or policy change) | +5 Weak authentication used (password only, no MFA/SSO)"
INC-00812,50,High,kingerithf0@bandcamp.com,resource1,Cloud Storage,1,2022-12-26T13:15:48Z,"+15 Data shared externally (outside organization) | +10 Significant number of records affected (620) | +15 Suspicious activity detected by event classifier | +5 Involves Cloud Storage (data exposure risk) | +5 Weak authentication used (password only, no MFA/SSO)"
INC-00821,50,High,crycroftej@creativecommons.org,resource3,IAM,1,2022-12-30T14:51:24Z,"+15 Data shared externally (outside organization) | +10 Significant number of records affected (810) | +10 Involves IAM (privilege escalation / credential risk) | +10 High-risk action performed (export or policy change) | +5 Weak authentication used (password only, no MFA/SSO)"
INC-00200,48,Medium,dbrameh9@opensource.org,resource1,Google Drive,1,2022-01-23T07:25:30Z,"+20 Contains PII (data classified as Restricted) | +5 Data shared internally | +10 Significant number of records affected (509) | +8 Data movement action performed (download or share) | +5 Weak authentication used (password only, no MFA/SSO)"
INC-00210,48,Medium,lhabblemy@ehow.com,resource2,Google Drive,1,2022-01-26T14:05:54Z,+5 Data shared internally | +10 Significant number of records affected (789) | +15 Suspicious activity detected by event classifier | +10 Suspicious action succeeded (confirmed exfiltration risk) | +8 Data movement action performed (download or share)
INC-00236,48,Medium,mbeeres95@slashdot.org,resource3,Gmail,1,2022-02-09T18:19:42Z,+5 Data shared internally | +10 Significant number of records affected (239) | +15 Suspicious activity detected by event classifier | +10 Suspicious action succeeded (confirmed exfiltration risk) | +8 Data movement action performed (download or share)
INC-00240,48,Medium,acopestake13@unc.edu,resource1,Gmail,1,2022-02-11T05:34:13Z,"+20 Contains PII (data classified as Restricted) | +10 Significant number of records affected (936) | +5 High-risk action completed successfully | +8 Data movement action performed (download or share) | +5 Weak authentication used (password only, no MFA/SSO)"
INC-00293,48,Medium,coloughranop@mayoclinic.com,resource1,Google Drive,1,2022-03-10T08:23:25Z,+20 Contains PII (data classified as Restricted) | +5 Data shared internally | +10 Significant number of records affected (984) | +5 High-risk action completed successfully | +8 Data movement action performed (download or share)
INC-00338,48,Medium,aeaklee3b@unesco.org,resource1,BigQuery,1,2022-03-31T23:22:32Z,"+10 Significant number of records affected (359) | +15 Suspicious activity detected by event classifier | +10 Involves BigQuery (high-volume data export risk) | +8 Data movement action performed (download or share) | +5 Weak authentication used (password only, no MFA/SSO)"
INC-00343,48,Medium,fhawfordq9@over-blog.com,resource2,Gmail,1,2022-04-02T16:46:43Z,"+25 Data exposed publicly (highest sharing scope) | +10 Significant number of records affected (614) | +8 Data movement action performed (download or share) | +5 Weak authentication used (password only, no MFA/SSO)"
INC-00483,48,Medium,iguinanefq@diigo.com,resource2,Cloud Storage,1,2022-06-16T13:11:53Z,"+5 Multiple records affected (37) | +15 Suspicious activity detected by event classifier | +10 Suspicious action succeeded (confirmed exfiltration risk) | +5 Involves Cloud Storage (data exposure risk) | +8 Data movement action performed (download or share) | +5 Weak authentication used (password only, no MFA/SSO)"
INC-00552,48,Medium,mparadeslv@stanford.edu,resource2,Cloud Storage,1,2022-07-23T02:56:19Z,"+20 Contains PII (data classified as Restricted) | +10 Significant number of records affected (709) | +5 Involves Cloud Storage (data exposure risk) | +8 Data movement action performed (download or share) | +5 Weak authentication used (password only, no MFA/SSO)"
INC-00575,48,Medium,pdoleyol@godaddy.com,resource3,Cloud Storage,1,2022-08-12T12:28:26Z,"+20 Contains PII (data classified as Restricted) | +10 Significant number of records affected (355) | +5 Involves Cloud Storage (data exposure risk) | +8 Data movement action performed (download or share) | +5 Weak authentication used (password only, no MFA/SSO)"
INC-00582,48,Medium,fempleton1o@dell.com,resource2,BigQuery,1,2022-08-14T19:50:56Z,"+15 Data shared externally (outside organization) | +10 Significant number of records affected (266) | +10 Involves BigQuery (high-volume data export risk) | +8 Data movement action performed (download or share) | +5 Weak authentication used (password only, no MFA/SSO)"
INC-00634,48,Medium,mshipperbottomnr@so-net.ne.jp,resource1,IAM,1,2022-09-15T02:45:12Z,+5 Data shared internally | +10 Significant number of records affected (245) | +15 Suspicious activity detected by event classifier | +10 Involves IAM (privilege escalation / credential risk) | +8 Data movement action performed (download or share)
INC-00658,48,Medium,lwatkissr0@4shared.com,resource2,Google Drive,1,2022-09-30T19:23:17Z,+20 Contains PII (data classified as Restricted) | +5 Data shared internally | +10 Significant number of records affected (376) | +5 High-risk action completed successfully | +8 Data movement action performed (download or share)
INC-00669,48,Medium,znoviscn@jigsy.com,resource2,Cloud Storage,1,2022-10-04T13:12:55Z,+20 Contains PII (data classified as Restricted) | +10 Significant number of records affected (404) | +5 High-risk action completed successfully | +5 Involves Cloud Storage (data exposure risk) | +8 Data movement action performed (download or share)
INC-00678,48,Medium,nwinton4s@nbcnews.com,resource3,Cloud Storage,1,2022-10-07T21:22:09Z,"+5 Data shared internally | +10 Significant number of records affected (209) | +15 Suspicious activity detected by event classifier | +5 Involves Cloud Storage (data exposure risk) | +8 Data movement action performed (download or share) | +5 Weak authentication used (password only, no MFA/SSO)"
INC-00696,48,Medium,aparfettcg@state.gov,resource1,IAM,1,2022-10-21T18:12:59Z,"+10 Significant number of records affected (736) | +15 Suspicious activity detected by event classifier | +10 Involves IAM (privilege escalation / credential risk) | +8 Data movement action performed (download or share) | +5 Weak authentication used (password only, no MFA/SSO)"
INC-00728,48,Medium,nshawl9r@mtv.com,resource2,IAM,1,2022-11-10T00:49:00Z,+5 Data shared internally | +10 Significant number of records affected (286) | +15 Suspicious activity detected by event classifier | +10 Involves IAM (privilege escalation / credential risk) | +8 Data movement action performed (download or share)
INC-00158,45,Medium,mknottleyiw@vimeo.com,resource2,Google Drive,1,2022-01-02T04:30:59Z,+25 Data exposed publicly (highest sharing scope) | +10 Significant number of records affected (581) | +10 High-risk action performed (export or policy change)
INC-00164,45,Medium,jlovekinnj@trellian.com,resource3,Gmail,1,2022-01-05T14:49:52Z,+20 Contains PII (data classified as Restricted) | +10 Significant number of records affected (126) | +15 Suspicious activity detected by event classifier
INC-00172,45,Medium,genstene7@usnews.com,resource1,BigQuery,1,2022-01-08T17:57:39Z,"+20 Contains PII (data classified as Restricted) | +10 Significant number of records affected (744) | +10 Involves BigQuery (high-volume data export risk) | +5 Weak authentication used (password only, no MFA/SSO)"
INC-00218,45,Medium,bperronih4@senate.gov,resource3,BigQuery,1,2022-01-29T10:16:44Z,+10 Significant number of records affected (352) | +15 Suspicious activity detected by event classifier | +10 Suspicious action succeeded (confirmed exfiltration risk) | +10 Involves BigQuery (high-volume data export risk)
INC-00228,45,Medium,gbaughen9k@amazon.co.jp,resource1,BigQuery,1,2022-01-31T17:01:25Z,+5 Data shared internally | +10 Significant number of records affected (847) | +5 High-risk action completed successfully | +10 Involves BigQuery (high-volume data export risk) | +15 Resource was made public
INC-00233,45,Medium,planfere4f@pagesperso-orange.fr,resource3,IAM,1,2022-02-07T23:46:28Z,+20 Contains PII (data classified as Restricted) | +5 High-risk action completed successfully | +10 Involves IAM (privilege escalation / credential risk) | +10 High-risk action performed (export or policy change)
INC-00238,45,Medium,rjanowiczo@deliciousdays.com,resource3,Cloud Storage,1,2022-02-10T19:14:33Z,+5 Data shared internally | +10 Significant number of records affected (359) | +15 Suspicious activity detected by event classifier | +10 Suspicious action succeeded (confirmed exfiltration risk) | +5 Involves Cloud Storage (data exposure risk)
INC-00243,45,Medium,vkassmanls@bbc.co.uk,resource1,Cloud Storage,1,2022-02-13T14:25:57Z,+15 Data shared externally (outside organization) | +10 Significant number of records affected (173) | +15 Suspicious activity detected by event classifier | +5 Involves Cloud Storage (data exposure risk)
INC-00263,45,Medium,ahaldin11@walmart.com,resource1,Google Drive,1,2022-02-23T17:18:03Z,+20 Contains PII (data classified as Restricted) | +15 Data shared externally (outside organization) | +10 Significant number of records affected (591)
INC-00279,45,Medium,ocelandar@topsy.com,resource3,Google Drive,1,2022-03-03T23:32:14Z,+20 Contains PII (data classified as Restricted) | +10 Significant number of records affected (990) | +15 Suspicious activity detected by event classifier
INC-00318,45,Medium,hlubomirskie1@skype.com,resource2,BigQuery,1,2022-03-21T17:47:51Z,"+5 Data shared internally | +10 Significant number of records affected (930) | +15 Suspicious activity detected by event classifier | +10 Involves BigQuery (high-volume data export risk) | +5 Weak authentication used (password only, no MFA/SSO)"
INC-00368,45,Medium,kpardeyi8@utexas.edu,resource3,Cloud Storage,1,2022-04-14T12:50:36Z,"+20 Contains PII (data classified as Restricted) | +5 Data shared internally | +10 Significant number of records affected (267) | +5 Involves Cloud Storage (data exposure risk) | +5 Weak authentication used (password only, no MFA/SSO)"
INC-00372,45,Medium,gmaloneygx@umich.edu,resource3,Gmail,1,2022-04-15T19:09:55Z,+10 Significant number of records affected (328) | +15 Suspicious activity detected by event classifier | +10 Suspicious action succeeded (confirmed exfiltration risk) | +10 High-risk action performed (export or policy change)
INC-00379,45,Medium,vloranse9@intel.com,resource3,Gmail,1,2022-04-18T21:30:25Z,+20 Contains PII (data classified as Restricted) | +10 Significant number of records affected (292) | +15 Resource was made public
INC-00439,45,Medium,gghidinijh@php.net,resource1,Google Drive,1,2022-05-27T05:46:43Z,+20 Contains PII (data classified as Restricted) | +10 Significant number of records affected (130) | +15 Resource was made public
INC-00473,45,Medium,sgiacomoniba@hexun.com,resource1,Gmail,1,2022-06-12T07:47:09Z,"+5 Data shared internally | +10 Significant number of records affected (700) | +15 Suspicious activity detected by event classifier | +10 High-risk action performed (export or policy change) | +5 Weak authentication used (password only, no MFA/SSO)"
INC-00480,45,Medium,pshatliffe62@photobucket.com,resource3,Gmail,1,2022-06-15T19:10:35Z,"+15 Data shared externally (outside organization) | +10 Significant number of records affected (720) | +5 High-risk action completed successfully | +10 High-risk action performed (export or policy change) | +5 Weak authentication used (password only, no MFA/SSO)"
INC-00485,45,Medium,gwassungc5@domainmarket.com,resource3,IAM,1,2022-06-18T13:54:24Z,+15 Data shared externally (outside organization) | +10 Significant number of records affected (274) | +10 Involves IAM (privilege escalation / credential risk) | +10 High-risk action performed (export or policy change)
INC-00489,45,Medium,mclitherowgd@4shared.com,resource1,Cloud Storage,1,2022-06-22T06:24:29Z,+15 Data shared externally (outside organization) | +10 Significant number of records affected (756) | +15 Suspicious activity detected by event classifier | +5 Involves Cloud Storage (data exposure risk)
INC-00498,45,Medium,cfarncomb9b@slideshare.net,resource2,IAM,1,2022-06-27T01:55:52Z,+10 Significant number of records affected (727) | +15 Suspicious activity detected by event classifier | +10 Suspicious action succeeded (confirmed exfiltration risk) | +10 Involves IAM (privilege escalation / credential risk)
INC-00504,45,Medium,tfellenorma@ocn.ne.jp,resource1,Gmail,1,2022-06-29T09:43:49Z,+20 Contains PII (data classified as Restricted) | +10 Significant number of records affected (790) | +5 High-risk action completed successfully | +10 High-risk action performed (export or policy change)
INC-00516,45,Medium,ascaicem6@archive.org,resource1,Gmail,1,2022-07-08T07:46:27Z,+10 Significant number of records affected (143) | +15 Suspicious activity detected by event classifier | +10 Suspicious action succeeded (confirmed exfiltration risk) | +10 High-risk action performed (export or policy change)
INC-00525,45,Medium,jjohananovcs@dropbox.com,resource2,Google Drive,1,2022-07-13T04:13:31Z,+20 Contains PII (data classified as Restricted) | +5 Data shared internally | +10 Significant number of records affected (406) | +10 High-risk action performed (export or policy change)
INC-00544,45,Medium,bkenwortho3@csmonitor.com,resource3,IAM,1,2022-07-20T03:31:56Z,+20 Contains PII (data classified as Restricted) | +5 Data shared internally | +10 Significant number of records affected (975) | +10 Involves IAM (privilege escalation / credential risk)
INC-00549,45,Medium,vlegerton5l@vistaprint.com,resource3,Gmail,1,2022-07-22T21:18:35Z,+20 Contains PII (data classified as Restricted) | +10 Significant number of records affected (688) | +15 Suspicious activity detected by event classifier
INC-00554,45,Medium,lcrundenmh@samsung.com,resource2,Cloud Storage,1,2022-07-25T09:53:51Z,+15 Data shared externally (outside organization) | +10 Significant number of records affected (854) | +5 High-risk action completed successfully | +5 Involves Cloud Storage (data exposure risk) | +10 High-risk action performed (export or policy change)
INC-00572,45,Medium,lbuntainml@t-online.de,resource1,Cloud Storage,1,2022-08-11T14:30:17Z,+5 Data shared internally | +10 Significant number of records affected (901) | +15 Suspicious activity detected by event classifier | +10 Suspicious action succeeded (confirmed exfiltration risk) | +5 Involves Cloud Storage (data exposure risk)
INC-00600,45,Medium,gclandillonco@chron.com,resource3,Google Drive,1,2022-08-25T06:53:47Z,"+5 Data shared internally | +10 Significant number of records affected (298) | +15 Suspicious activity detected by event classifier | +10 High-risk action performed (export or policy change) | +5 Weak authentication used (password only, no MFA/SSO)"
INC-00626,45,Medium,mdamrelm@usgs.gov,resource1,Cloud Storage,1,2022-09-09T03:33:14Z,+5 Data shared internally | +10 Significant number of records affected (935) | +15 Suspicious activity detected by event classifier | +5 Involves Cloud Storage (data exposure risk) | +10 High-risk action performed (export or policy change)
INC-00645,45,Medium,ccrowchdv@wunderground.com,resource2,BigQuery,1,2022-09-24T00:00:50Z,+20 Contains PII (data classified as Restricted) | +5 Data shared internally | +10 Significant number of records affected (716) | +10 Involves BigQuery (high-volume data export risk)
INC-00660,45,Medium,wyoutead8t@marriott.com,resource2,Cloud Storage,1,2022-10-01T10:54:54Z,+15 Data shared externally (outside organization) | +10 Significant number of records affected (453) | +5 High-risk action completed successfully | +5 Involves Cloud Storage (data exposure risk) | +10 High-risk action performed (export or policy change)
INC-00704,45,Medium,hlabdon4j@123-reg.co.uk,resource3,IAM,1,2022-10-26T17:36:07Z,"+20 Contains PII (data classified as Restricted) | +10 Significant number of records affected (680) | +10 Involves IAM (privilege escalation / credential risk) | +5 Weak authentication used (password only, no MFA/SSO)"
INC-00712,45,Medium,ebuarddg@youtu.be,resource1,Gmail,1,2022-11-02T21:47:46Z,"+5 Data shared internally | +10 Significant number of records affected (717) | +15 Suspicious activity detected by event classifier | +10 Suspicious action succeeded (confirmed exfiltration risk) | +5 Weak authentication used (password only, no MFA/SSO)"
INC-00725,45,Medium,tscorahc9@vimeo.com,resource1,Cloud Storage,1,2022-11-09T03:16:41Z,"+25 Data exposed publicly (highest sharing scope) | +10 Significant number of records affected (678) | +5 Involves Cloud Storage (data exposure risk) | +5 Weak authentication used (password only, no MFA/SSO)"
INC-00738,45,Medium,nramloth7@exblog.jp,resource3,Cloud Storage,1,2022-11-14T05:06:35Z,+5 Data shared internally | +10 Significant number of records affected (848) | +15 Suspicious activity detected by event classifier | +10 Suspicious action succeeded (confirmed exfiltration risk) | +5 Involves Cloud Storage (data exposure risk)
INC-00752,45,Medium,cpitfielddi@naver.com,resource1,Google Drive,1,2022-11-22T16:16:30Z,+20 Contains PII (data classified as Restricted) | +15 Data shared externally (outside organization) | +10 Significant number of records affected (310)
INC-00769,45,Medium,gtytcomb2d@about.com,resource2,IAM,1,2022-11-29T15:58:07Z,+20 Contains PII (data classified as Restricted) | +5 Data shared internally | +10 Significant number of records affected (136) | +10 Involves IAM (privilege escalation / credential risk)
INC-00786,45,Medium,kmonnoyerhx@redcross.org,resource3,IAM,1,2022-12-10T12:22:08Z,+25 Data exposed publicly (highest sharing scope) | +10 Significant number of records affected (708) | +10 Involves IAM (privilege escalation / credential risk)
INC-00800,45,Medium,sstrutzf8@mac.com,resource1,BigQuery,1,2022-12-17T04:44:37Z,"+5 Data shared internally | +10 Significant number of records affected (897) | +15 Suspicious activity detected by event classifier | +10 Involves BigQuery (high-volume data export risk) | +5 Weak authentication used (password only, no MFA/SSO)"
INC-00817,45,Medium,sscammondenbk@newyorker.com,resource2,IAM,1,2022-12-29T12:59:16Z,+20 Contains PII (data classified as Restricted) | +5 Data shared internally | +10 Significant number of records affected (512) | +10 Involves IAM (privilege escalation / credential risk)
INC-00179,43,Medium,dwolfit5a@macromedia.com,resource2,Cloud Storage,1,2022-01-13T23:26:56Z,+20 Contains PII (data classified as Restricted) | +10 Significant number of records affected (732) | +5 Involves Cloud Storage (data exposure risk) | +8 Data movement action performed (download or share)
INC-00186,43,Medium,aocarrollii@xinhuanet.com,resource3,Cloud Storage,1,2022-01-17T14:11:08Z,+20 Contains PII (data classified as Restricted) | +10 Significant number of records affected (149) | +5 Involves Cloud Storage (data exposure risk) | +8 Data movement action performed (download or share)
INC-00237,43,Medium,istudde5p@wordpress.com,resource1,Gmail,1,2022-02-10T01:51:50Z,+15 Data shared externally (outside organization) | +5 Multiple records affected (48) | +15 Suspicious activity detected by event classifier | +8 Data movement action performed (download or share)
INC-00242,43,Medium,bsollas1j@accuweather.com,resource3,Cloud Storage,1,2022-02-11T15:22:27Z,+5 Data shared internally | +10 Significant number of records affected (899) | +15 Suspicious activity detected by event classifier | +5 Involves Cloud Storage (data exposure risk) | +8 Data movement action performed (download or share)
INC-00249,43,Medium,tpeggslk@surveymonkey.com,resource2,BigQuery,1,2022-02-18T15:24:04Z,+10 Significant number of records affected (267) | +15 Suspicious activity detected by event classifier | +10 Involves BigQuery (high-volume data export risk) | +8 Data movement action performed (download or share)
INC-00366,43,Medium,dnewtonaq@jugem.jp,resource2,Gmail,1,2022-04-12T11:25:58Z,+20 Contains PII (data classified as Restricted) | +10 Significant number of records affected (794) | +5 High-risk action completed successfully | +8 Data movement action performed (download or share)
INC-00425,43,Medium,rwylderpe@chronoengine.com,resource2,IAM,1,2022-05-17T22:29:40Z,"+5 Data shared internally | +10 Significant number of records affected (933) | +5 High-risk action completed successfully | +10 Involves IAM (privilege escalation / credential risk) | +8 Data movement action performed (download or share) | +5 Weak authentication used (password only, no MFA/SSO)"
INC-00428,43,Medium,mhanstergr@mit.edu,resource3,Cloud Storage,1,2022-05-20T16:07:03Z,+5 Data shared internally | +10 Significant number of records affected (580) | +15 Suspicious activity detected by event classifier | +5 Involves Cloud Storage (data exposure risk) | +8 Data movement action performed (download or share)
INC-00484,43,Medium,hsimner3f@go.com,resource1,Cloud Storage,1,2022-06-16T21:25:35Z,+15 Data shared externally (outside organization) | +10 Significant number of records affected (965) | +5 High-risk action completed successfully | +5 Involves Cloud Storage (data exposure risk) | +8 Data movement action performed (download or share)
INC-00550,43,Medium,wpayne3o@un.org,resource2,IAM,1,2022-07-22T23:50:38Z,+10 Significant number of records affected (642) | +15 Suspicious activity detected by event classifier | +10 Involves IAM (privilege escalation / credential risk) | +8 Data movement action performed (download or share)
INC-00556,43,Medium,ereinbachmu@unc.edu,resource1,Cloud Storage,1,2022-07-26T13:01:01Z,"+15 Data shared externally (outside organization) | +10 Significant number of records affected (550) | +5 Involves Cloud Storage (data exposure risk) | +8 Data movement action performed (download or share) | +5 Weak authentication used (password only, no MFA/SSO)"
INC-00587,43,Medium,wdumini7r@opensource.org,resource1,Google Drive,1,2022-08-18T11:00:24Z,"+20 Contains PII (data classified as Restricted) | +10 Significant number of records affected (483) | +8 Data movement action performed (download or share) | +5 Weak authentication used (password only, no MFA/SSO)"
INC-00608,43,Medium,dmcconnellh5@nps.gov,resource2,Cloud Storage,1,2022-08-30T10:32:29Z,"+10 Significant number of records affected (734) | +15 Suspicious activity detected by event classifier | +5 Involves Cloud Storage (data exposure risk) | +8 Data movement action performed (download or share) | +5 Weak authentication used (password only, no MFA/SSO)"
INC-00613,43,Medium,ylangerqo@freewebs.com,resource2,Gmail,1,2022-09-01T15:20:45Z,+20 Contains PII (data classified as Restricted) | +10 Significant number of records affected (553) | +5 High-risk action completed successfully | +8 Data movement action performed (download or share)
INC-00637,43,Medium,eaudenis1h@tinyurl.com,resource3,Cloud Storage,1,2022-09-16T04:21:27Z,"+10 Significant number of records affected (264) | +15 Suspicious activity detected by event classifier | +5 Involves Cloud Storage (data exposure risk) | +8 Data movement action performed (download or share) | +5 Weak authentication used (password only, no MFA/SSO)"
INC-00639,43,Medium,jtruce81@indiegogo.com,resource1,Gmail,1,2022-09-17T00:40:34Z,"+20 Contains PII (data classified as Restricted) | +10 Significant number of records affected (335) | +8 Data movement action performed (download or share) | +5 Weak authentication used (password only, no MFA/SSO)"
INC-00671,43,Medium,jhurd5v@wikipedia.org,resource2,Google Drive,1,2022-10-04T23:21:28Z,"+20 Contains PII (data classified as Restricted) | +10 Significant number of records affected (905) | +8 Data movement action performed (download or share) | +5 Weak authentication used (password only, no MFA/SSO)"
INC-00677,43,Medium,rtomalaq2@mayoclinic.com,resource1,Gmail,1,2022-10-07T08:50:36Z,+25 Data exposed publicly (highest sharing scope) | +10 Significant number of records affected (393) | +8 Data movement action performed (download or share)
INC-00700,43,Medium,kroundingcq@wikia.com,resource2,Gmail,1,2022-10-24T14:39:06Z,+10 Significant number of records affected (560) | +15 Suspicious activity detected by event classifier | +10 Suspicious action succeeded (confirmed exfiltration risk) | +8 Data movement action performed (download or share)
INC-00758,43,Medium,rjiles7v@vistaprint.com,resource2,Google Drive,1,2022-11-24T19:25:55Z,+20 Contains PII (data classified as Restricted) | +10 Significant number of records affected (735) | +5 High-risk action completed successfully | +8 Data movement action performed (download or share)
INC-00818,43,Medium,nebenezer2m@cornell.edu,resource3,BigQuery,1,2022-12-29T14:55:22Z,"+5 Data shared internally | +10 Significant number of records affected (562) | +5 High-risk action completed successfully | +10 Involves BigQuery (high-volume data export risk) | +8 Data movement action performed (download or share) | +5 Weak authentication used (password only, no MFA/SSO)"
INC-00195,40,Medium,ncharityni@businessweek.com,resource2,BigQuery,1,2022-01-21T15:56:53Z,+15 Data shared externally (outside organization) | +15 Suspicious activity detected by event classifier | +10 Involves BigQuery (high-volume data export risk)
INC-00204,40,Medium,spropjn@shutterfly.com,resource1,Google Drive,1,2022-01-25T09:13:37Z,"+15 Data shared externally (outside organization) | +10 Significant number of records affected (380) | +10 High-risk action performed (export or policy change) | +5 Weak authentication used (password only, no MFA/SSO)"
INC-00214,40,Medium,nlevingtongk@google.it,resource1,Cloud Storage,1,2022-01-28T02:53:02Z,+20 Contains PII (data classified as Restricted) | +5 Data shared internally | +10 Significant number of records affected (902) | +5 Involves Cloud Storage (data exposure risk)
INC-00216,40,Medium,lbaiylepb@mlb.com,resource3,Cloud Storage,1,2022-01-29T04:16:09Z,+20 Contains PII (data classified as Restricted) | +5 Data shared internally | +10 Significant number of records affected (153) | +5 Involves Cloud Storage (data exposure risk)
INC-00226,40,Medium,khartrickai@tumblr.com,resource3,IAM,1,2022-01-30T17:08:28Z,+5 Data shared internally | +10 Significant number of records affected (559) | +15 Suspicious activity detected by event classifier | +10 Involves IAM (privilege escalation / credential risk)
INC-00252,40,Medium,dfaithornef@blog.com,resource2,Google Drive,1,2022-02-19T11:19:08Z,"+20 Contains PII (data classified as Restricted) | +5 Data shared internally | +10 Significant number of records affected (455) | +5 Weak authentication used (password only, no MFA/SSO)"
INC-00275,40,Medium,rdwelleypw@wunderground.com,resource3,Google Drive,1,2022-03-01T13:28:37Z,+5 Data shared internally | +10 Significant number of records affected (289) | +15 Suspicious activity detected by event classifier | +10 Suspicious action succeeded (confirmed exfiltration risk)
INC-00281,40,Medium,bayreegu@yellowbook.com,resource2,BigQuery,1,2022-03-05T15:36:29Z,+20 Contains PII (data classified as Restricted) | +10 Significant number of records affected (681) | +10 Involves BigQuery (high-volume data export risk)
INC-00297,40,Medium,kscaife2n@patch.com,resource1,IAM,1,2022-03-13T07:06:59Z,"+20 Contains PII (data classified as Restricted) | +5 Multiple records affected (100) | +10 Involves IAM (privilege escalation / credential risk) | +5 Weak authentication used (password only, no MFA/SSO)"
INC-00298,40,Medium,fnorthcotef@arstechnica.com,resource2,IAM,1,2022-03-13T07:20:50Z,+20 Contains PII (data classified as Restricted) | +10 Significant number of records affected (835) | +10 Involves IAM (privilege escalation / credential risk)
INC-00344,40,Medium,khallyburtonle@tinyurl.com,resource2,BigQuery,1,2022-04-03T04:29:35Z,+5 Data shared internally | +10 Significant number of records affected (656) | +15 Suspicious activity detected by event classifier | +10 Involves BigQuery (high-volume data export risk)
INC-00346,40,Medium,bpurvis6q@hubpages.com,resource2,Cloud Storage,1,2022-04-03T23:06:57Z,+25 Data exposed publicly (highest sharing scope) | +10 Significant number of records affected (291) | +5 Involves Cloud Storage (data exposure risk)
INC-00362,40,Medium,mgonnely32@hostgator.com,resource1,IAM,1,2022-04-10T21:45:10Z,"+20 Contains PII (data classified as Restricted) | +5 Multiple records affected (34) | +10 Involves IAM (privilege escalation / credential risk) | +5 Weak authentication used (password only, no MFA/SSO)"
INC-00369,40,Medium,cpopovow@patch.com,resource1,Cloud Storage,1,2022-04-15T14:58:28Z,+25 Data exposed publicly (highest sharing scope) | +10 Significant number of records affected (688) | +5 Involves Cloud Storage (data exposure risk)
INC-00392,40,Medium,jsamblesc2@seattletimes.com,resource1,Gmail,1,2022-04-25T16:17:02Z,+20 Contains PII (data classified as Restricted) | +10 Significant number of records affected (991) | +10 High-risk action performed (export or policy change)
INC-00394,40,Medium,kzylberdikd1@ft.com,resource3,BigQuery,1,2022-04-28T04:23:11Z,"+15 Data shared externally (outside organization) | +10 Significant number of records affected (972) | +10 Involves BigQuery (high-volume data export risk) | +5 Weak authentication used (password only, no MFA/SSO)"
INC-00422,40,Medium,pkeslakein@mac.com,resource3,Gmail,1,2022-05-17T05:46:08Z,+20 Contains PII (data classified as Restricted) | +10 Significant number of records affected (154) | +10 High-risk action performed (export or policy change)
INC-00434,40,Medium,krosensteins@jigsy.com,resource3,Gmail,1,2022-05-23T14:09:14Z,+15 Data shared externally (outside organization) | +10 Significant number of records affected (307) | +15 Resource was made public
INC-00447,40,Medium,vbreckwellfi@ocn.ne.jp,resource2,Google Drive,1,2022-05-31T06:54:52Z,+20 Contains PII (data classified as Restricted) | +10 Significant number of records affected (558) | +10 High-risk action performed (export or policy change)
INC-00453,40,Medium,noflavertylo@goodreads.com,resource1,IAM,1,2022-06-01T11:27:27Z,+5 Data shared internally | +10 Significant number of records affected (255) | +15 Suspicious activity detected by event classifier | +10 Involves IAM (privilege escalation / credential risk)
INC-00457,40,Medium,apowderhamhe@mozilla.org,resource1,Cloud Storage,1,2022-06-02T20:06:56Z,+10 Significant number of records affected (537) | +15 Suspicious activity detected by event classifier | +5 Involves Cloud Storage (data exposure risk) | +10 High-risk action performed (export or policy change)
INC-00467,40,Medium,edowey4x@geocities.com,resource2,Google Drive,1,2022-06-09T00:59:42Z,"+25 Data exposed publicly (highest sharing scope) | +10 Significant number of records affected (860) | +5 Weak authentication used (password only, no MFA/SSO)"
INC-00481,40,Medium,hoganesianbn@newyorker.com,resource3,BigQuery,1,2022-06-16T06:06:20Z,+5 Data shared internally | +10 Significant number of records affected (154) | +15 Suspicious activity detected by event classifier | +10 Involves BigQuery (high-volume data export risk)
INC-00530,40,Medium,lyeskovgq@ezinearticles.com,resource3,Cloud Storage,1,2022-07-14T19:35:58Z,+10 Significant number of records affected (411) | +15 Suspicious activity detected by event classifier | +10 Suspicious action succeeded (confirmed exfiltration risk) | +5 Involves Cloud Storage (data exposure risk)
INC-00563,40,Medium,gkersaw7z@pcworld.com,resource3,BigQuery,1,2022-07-31T10:09:00Z,+5 Data shared internally | +10 Significant number of records affected (462) | +10 Involves BigQuery (high-volume data export risk) | +15 Resource was made public
INC-00569,40,Medium,akruszelnickigh@ehow.com,resource2,Google Drive,1,2022-08-05T22:03:48Z,+20 Contains PII (data classified as Restricted) | +10 Significant number of records affected (205) | +10 High-risk action performed (export or policy change)
INC-00588,40,Medium,rmeiningerjw@gnu.org,resource1,Gmail,1,2022-08-19T06:23:28Z,"+15 Data shared externally (outside organization) | +10 Significant number of records affected (196) | +10 High-risk action performed (export or policy change) | +5 Weak authentication used (password only, no MFA/SSO)"
INC-00590,40,Medium,jimpy5z@artisteer.com,resource3,IAM,1,2022-08-19T18:51:11Z,"+5 Data shared internally | +10 Significant number of records affected (539) | +10 Involves IAM (privilege escalation / credential risk) | +10 High-risk action performed (export or policy change) | +5 Weak authentication used (password only, no MFA/SSO)"
INC-00593,40,Medium,sglasscockgw@jiathis.com,resource1,IAM,1,2022-08-20T19:31:59Z,+5 Data shared internally | +10 Significant number of records affected (659) | +15 Suspicious activity detected by event classifier | +10 Involves IAM (privilege escalation / credential risk)
INC-00606,40,Medium,kdailly6v@alexa.com,resource2,IAM,1,2022-08-28T15:42:11Z,+5 Data shared internally | +10 Significant number of records affected (761) | +10 Involves IAM (privilege escalation / credential risk) | +15 Resource was made public
INC-00643,40,Medium,jrowbottam3x@earthlink.net,resource3,BigQuery,1,2022-09-20T12:40:35Z,+20 Contains PII (data classified as Restricted) | +10 Significant number of records affected (203) | +10 Involves BigQuery (high-volume data export risk)
INC-00682,40,Medium,swestmacottou@homestead.com,resource3,BigQuery,1,2022-10-11T16:25:08Z,+20 Contains PII (data classified as Restricted) | +5 Data shared internally | +5 Multiple records affected (21) | +10 Involves BigQuery (high-volume data export risk)
INC-00683,40,Medium,ppantonef3@wunderground.com,resource1,BigQuery,1,2022-10-12T13:50:01Z,"+15 Data shared externally (outside organization) | +10 Significant number of records affected (314) | +10 Involves BigQuery (high-volume data export risk) | +5 Weak authentication used (password only, no MFA/SSO)"
INC-00684,40,Medium,pdibiagioak@engadget.com,resource2,IAM,1,2022-10-13T05:43:11Z,"+15 Data shared externally (outside organization) | +10 Significant number of records affected (205) | +10 Involves IAM (privilege escalation / credential risk) | +5 Weak authentication used (password only, no MFA/SSO)"
INC-00693,40,Medium,tpinnijar8x@gnu.org,resource3,Gmail,1,2022-10-18T21:44:57Z,+20 Contains PII (data classified as Restricted) | +10 Significant number of records affected (732) | +10 High-risk action performed (export or policy change)
INC-00702,40,Medium,tbraunerna@devhub.com,resource2,BigQuery,1,2022-10-25T22:10:07Z,+5 Data shared internally | +10 Significant number of records affected (281) | +5 High-risk action completed successfully | +10 Involves BigQuery (high-volume data export risk) | +10 High-risk action performed (export or policy change)
INC-00724,40,Medium,mmaccallisternp@imdb.com,resource2,Gmail,1,2022-11-07T16:07:17Z,+20 Contains PII (data classified as Restricted) | +10 Significant number of records affected (765) | +10 High-risk action performed (export or policy change)
INC-00730,40,Medium,ewisbeyoa@php.net,resource2,Cloud Storage,1,2022-11-10T19:34:33Z,+10 Significant number of records affected (639) | +15 Suspicious activity detected by event classifier | +5 Involves Cloud Storage (data exposure risk) | +10 High-risk action performed (export or policy change)
INC-00782,40,Medium,celiasjb@uol.com.br,resource1,BigQuery,1,2022-12-08T09:33:22Z,+5 Data shared internally | +10 Significant number of records affected (710) | +15 Suspicious activity detected by event classifier | +10 Involves BigQuery (high-volume data export risk)
INC-00802,40,Medium,acicchitellodw@dell.com,resource2,Gmail,1,2022-12-19T23:06:57Z,"+25 Data exposed publicly (highest sharing scope) | +10 Significant number of records affected (769) | +5 Weak authentication used (password only, no MFA/SSO)"
INC-00811,40,Medium,maveraynq@sciencedirect.com,resource2,Cloud Storage,1,2022-12-26T05:08:08Z,+25 Data exposed publicly (highest sharing scope) | +10 Significant number of records affected (923) | +5 Involves Cloud Storage (data exposure risk)
INC-00820,40,Medium,bflodeok@google.co.jp,resource3,Google Drive,1,2022-12-30T13:19:35Z,+20 Contains PII (data classified as Restricted) | +5 Data shared internally | +5 Multiple records affected (80) | +10 High-risk action performed (export or policy change)
INC-00171,38,Medium,mlandell8b@columbia.edu,resource2,IAM,1,2022-01-08T12:15:29Z,+5 Data shared internally | +10 Significant number of records affected (779) | +5 High-risk action completed successfully | +10 Involves IAM (privilege escalation / credential risk) | +8 Data movement action performed (download or share)
INC-00187,38,Medium,dgilliard25@webs.com,resource1,Google Drive,1,2022-01-17T14:32:44Z,+25 Data exposed publicly (highest sharing scope) | +5 Multiple records affected (80) | +8 Data movement action performed (download or share)
INC-00336,38,Medium,bchildesnu@blogspot.com,resource1,Cloud Storage,1,2022-03-31T16:01:06Z,+10 Significant number of records affected (948) | +15 Suspicious activity detected by event classifier | +5 Involves Cloud Storage (data exposure risk) | +8 Data movement action performed (download or share)
INC-00337,38,Medium,gsnodinge6@about.com,resource2,IAM,1,2022-03-31T18:28:48Z,+5 Data shared internally | +10 Significant number of records affected (302) | +5 High-risk action completed successfully | +10 Involves IAM (privilege escalation / credential risk) | +8 Data movement action performed (download or share)
INC-00375,38,Medium,svirgoe4p@yellowpages.com,resource2,Google Drive,1,2022-04-16T19:31:41Z,"+10 Significant number of records affected (200) | +15 Suspicious activity detected by event classifier | +8 Data movement action performed (download or share) | +5 Weak authentication used (password only, no MFA/SSO)"
INC-00385,38,Medium,hfleckneykp@go.com,resource2,IAM,1,2022-04-21T17:11:47Z,+5 Data shared internally | +15 Suspicious activity detected by event classifier | +10 Involves IAM (privilege escalation / credential risk) | +8 Data movement action performed (download or share)
INC-00386,38,Medium,ldewdney7s@ted.com,resource1,IAM,1,2022-04-21T20:06:53Z,+5 Data shared internally | +10 Significant number of records affected (827) | +5 High-risk action completed successfully | +10 Involves IAM (privilege escalation / credential risk) | +8 Data movement action performed (download or share)
INC-00401,38,Medium,nteareqy@unc.edu,resource2,Google Drive,1,2022-05-01T11:40:07Z,+15 Data shared externally (outside organization) | +10 Significant number of records affected (105) | +5 High-risk action completed successfully | +8 Data movement action performed (download or share)
INC-00429,38,Medium,phatherleykr@nyu.edu,resource2,Gmail,1,2022-05-20T17:22:49Z,+20 Contains PII (data classified as Restricted) | +10 Significant number of records affected (886) | +8 Data movement action performed (download or share)
INC-00468,38,Medium,dpeacockedt@flavors.me,resource3,Google Drive,1,2022-06-09T19:08:28Z,+5 Data shared internally | +10 Significant number of records affected (722) | +15 Suspicious activity detected by event classifier | +8 Data movement action performed (download or share)
INC-00482,38,Medium,monion4z@nps.gov,resource2,Google Drive,1,2022-06-16T07:08:25Z,+15 Data shared externally (outside organization) | +10 Significant number of records affected (362) | +5 High-risk action completed successfully | +8 Data movement action performed (download or share)
INC-00514,38,Medium,aabernethyoq@dagondesign.com,resource2,IAM,1,2022-07-07T01:50:17Z,+5 Data shared internally | +10 Significant number of records affected (925) | +5 High-risk action completed successfully | +10 Involves IAM (privilege escalation / credential risk) | +8 Data movement action performed (download or share)
INC-00541,38,Medium,gchethampy@taobao.com,resource3,Google Drive,1,2022-07-19T17:57:29Z,+5 Data shared internally | +10 Significant number of records affected (860) | +15 Suspicious activity detected by event classifier | +8 Data movement action performed (download or share)
INC-00719,38,Medium,wstraneokc@imdb.com,resource3,Cloud Storage,1,2022-11-06T09:20:48Z,"+5 Multiple records affected (86) | +15 Suspicious activity detected by event classifier | +5 Involves Cloud Storage (data exposure risk) | +8 Data movement action performed (download or share) | +5 Weak authentication used (password only, no MFA/SSO)"
INC-00755,38,Medium,awysey@google.es,resource2,IAM,1,2022-11-23T12:48:18Z,"+5 Data shared internally | +10 Significant number of records affected (898) | +10 Involves IAM (privilege escalation / credential risk) | +8 Data movement action performed (download or share) | +5 Weak authentication used (password only, no MFA/SSO)"
INC-00205,35,Medium,lstembridgef7@noaa.gov,resource1,IAM,1,2022-01-25T10:46:47Z,"+10 Significant number of records affected (289) | +10 Involves IAM (privilege escalation / credential risk) | +10 High-risk action performed (export or policy change) | +5 Weak authentication used (password only, no MFA/SSO)"
INC-00234,35,Medium,lpurdiejf@ucla.edu,resource1,Gmail,1,2022-02-08T04:26:53Z,+15 Data shared externally (outside organization) | +10 Significant number of records affected (733) | +10 High-risk action performed (export or policy change)
INC-00235,35,Medium,bchesshire1@behance.net,resource1,Cloud Storage,1,2022-02-09T14:35:03Z,+25 Data exposed publicly (highest sharing scope) | +5 Multiple records affected (19) | +5 Involves Cloud Storage (data exposure risk)
INC-00253,35,Medium,sducastelas@wiley.com,resource2,Cloud Storage,1,2022-02-19T12:49:35Z,+20 Contains PII (data classified as Restricted) | +10 Significant number of records affected (399) | +5 Involves Cloud Storage (data exposure risk)
INC-00270,35,Medium,ggilloranie@msu.edu,resource1,IAM,1,2022-02-27T12:04:04Z,"+10 Significant number of records affected (508) | +10 Involves IAM (privilege escalation / credential risk) | +10 High-risk action performed (export or policy change) | +5 Weak authentication used (password only, no MFA/SSO)"
INC-00273,35,Medium,jothen23@accuweather.com,resource1,IAM,1,2022-03-01T00:58:09Z,+5 Data shared internally | +5 Multiple records affected (66) | +5 High-risk action completed successfully | +10 Involves IAM (privilege escalation / credential risk) | +10 High-risk action performed (export or policy change)
INC-00280,35,Medium,edengel18@dailymotion.com,resource1,Cloud Storage,1,2022-03-04T11:24:47Z,+10 Significant number of records affected (243) | +5 High-risk action completed successfully | +5 Involves Cloud Storage (data exposure risk) | +15 Resource was made public
INC-00284,35,Medium,kniesel3p@weebly.com,resource1,Cloud Storage,1,2022-03-07T08:25:49Z,+5 Data shared internally | +10 Significant number of records affected (831) | +5 High-risk action completed successfully | +5 Involves Cloud Storage (data exposure risk) | +10 High-risk action performed (export or policy change)
INC-00289,35,Medium,dbecarrad2@about.me,resource1,Gmail,1,2022-03-08T21:44:30Z,+10 Significant number of records affected (922) | +15 Suspicious activity detected by event classifier | +10 Suspicious action succeeded (confirmed exfiltration risk)
INC-00299,35,Medium,mbridel75@sakura.ne.jp,resource1,Gmail,1,2022-03-14T00:01:10Z,+20 Contains PII (data classified as Restricted) | +5 Data shared internally | +10 Significant number of records affected (474)
INC-00313,35,Medium,imarrowslw@dell.com,resource1,IAM,1,2022-03-19T20:00:40Z,+15 Data shared externally (outside organization) | +10 Significant number of records affected (847) | +10 Involves IAM (privilege escalation / credential risk)
INC-00435,35,Medium,newbanck2o@ihg.com,resource3,IAM,1,2022-05-23T23:49:03Z,+10 Significant number of records affected (424) | +15 Suspicious activity detected by event classifier | +10 Involves IAM (privilege escalation / credential risk)
INC-00437,35,Medium,hlapereqz@nationalgeographic.com,resource1,Cloud Storage,1,2022-05-24T01:17:15Z,"+10 Significant number of records affected (201) | +5 Involves Cloud Storage (data exposure risk) | +15 Resource was made public | +5 Weak authentication used (password only, no MFA/SSO)"
INC-00442,35,Medium,rsidworthht@addtoany.com,resource1,IAM,1,2022-05-28T12:17:31Z,+10 Significant number of records affected (161) | +15 Suspicious activity detected by event classifier | +10 Involves IAM (privilege escalation / credential risk)
INC-00459,35,Medium,tbrazierg1@wiley.com,resource1,IAM,1,2022-06-03T19:06:26Z,+10 Significant number of records affected (328) | +15 Suspicious activity detected by event classifier | +10 Involves IAM (privilege escalation / credential risk)
INC-00466,35,Medium,ynairnp3@indiegogo.com,resource2,Gmail,1,2022-06-08T19:34:57Z,+10 Significant number of records affected (162) | +15 Suspicious activity detected by event classifier | +10 High-risk action performed (export or policy change)
INC-00509,35,Medium,lbryentoncr@hubpages.com,resource2,IAM,1,2022-07-02T22:19:30Z,+5 Data shared internally | +10 Significant number of records affected (554) | +10 Involves IAM (privilege escalation / credential risk) | +10 High-risk action performed (export or policy change)
INC-00524,35,Medium,anorthbridgejx@economist.com,resource2,Gmail,1,2022-07-11T12:24:52Z,+5 Data shared internally | +10 Significant number of records affected (880) | +5 High-risk action completed successfully | +15 Resource was made public
INC-00536,35,Medium,jwoolastonnv@cbslocal.com,resource2,Gmail,1,2022-07-18T14:07:09Z,+20 Contains PII (data classified as Restricted) | +5 Data shared internally | +10 Significant number of records affected (755)
INC-00546,35,Medium,bmacci87@storify.com,resource3,Cloud Storage,1,2022-07-21T06:56:41Z,+5 Data shared internally | +10 Significant number of records affected (389) | +5 High-risk action completed successfully | +5 Involves Cloud Storage (data exposure risk) | +10 High-risk action performed (export or policy change)
INC-00561,35,Medium,ekilnerpn@telegraph.co.uk,resource3,Google Drive,1,2022-07-31T02:00:38Z,"+5 Data shared internally | +10 Significant number of records affected (172) | +15 Suspicious activity detected by event classifier | +5 Weak authentication used (password only, no MFA/SSO)"
INC-00562,35,Medium,gblaksleyaa@google.com.au,resource1,Google Drive,1,2022-07-31T09:47:15Z,"+20 Contains PII (data classified as Restricted) | +10 Significant number of records affected (890) | +5 Weak authentication used (password only, no MFA/SSO)"
INC-00565,35,Medium,lwayon73@sciencedirect.com,resource1,IAM,1,2022-08-02T23:22:05Z,+10 Significant number of records affected (280) | +15 Suspicious activity detected by event classifier | +10 Involves IAM (privilege escalation / credential risk)
INC-00570,35,Medium,dbarbiej3@hugedomains.com,resource2,Cloud Storage,1,2022-08-06T06:43:25Z,"+15 Data shared externally (outside organization) | +10 Significant number of records affected (859) | +5 Involves Cloud Storage (data exposure risk) | +5 Weak authentication used (password only, no MFA/SSO)"
INC-00585,35,Medium,rcattermullhc@sciencedirect.com,resource3,Gmail,1,2022-08-15T15:23:28Z,"+20 Contains PII (data classified as Restricted) | +10 Significant number of records affected (258) | +5 Weak authentication used (password only, no MFA/SSO)"
INC-00586,35,Medium,vjennrich6y@hostgator.com,resource1,Cloud Storage,1,2022-08-15T23:35:33Z,+5 Data shared internally | +10 Significant number of records affected (595) | +5 High-risk action completed successfully | +5 Involves Cloud Storage (data exposure risk) | +10 High-risk action performed (export or policy change)
INC-00603,35,Medium,hviner1p@miitbeian.gov.cn,resource2,Gmail,1,2022-08-26T21:20:49Z,+20 Contains PII (data classified as Restricted) | +5 Data shared internally | +10 Significant number of records affected (728)
INC-00627,35,Medium,ndecleyne6g@t-online.de,resource3,Google Drive,1,2022-09-09T10:12:58Z,+15 Data shared externally (outside organization) | +10 Significant number of records affected (889) | +10 High-risk action performed (export or policy change)
INC-00641,35,Medium,cbrewis4@howstuffworks.com,resource3,Google Drive,1,2022-09-18T00:13:27Z,+20 Contains PII (data classified as Restricted) | +5 Data shared internally | +10 Significant number of records affected (223)
INC-00648,35,Medium,epetodx@go.com,resource3,BigQuery,1,2022-09-24T20:54:15Z,"+10 Significant number of records affected (386) | +10 Involves BigQuery (high-volume data export risk) | +10 High-risk action performed (export or policy change) | +5 Weak authentication used (password only, no MFA/SSO)"
INC-00701,35,Medium,vmurleycz@marketwatch.com,resource3,BigQuery,1,2022-10-24T19:48:10Z,+10 Significant number of records affected (268) | +15 Suspicious activity detected by event classifier | +10 Involves BigQuery (high-volume data export risk)
INC-00788,35,Medium,ndulany5s@independent.co.uk,resource2,BigQuery,1,2022-12-12T15:15:14Z,+15 Data shared externally (outside organization) | +10 Significant number of records affected (570) | +10 Involves BigQuery (high-volume data export risk)
INC-00806,35,Medium,egercke98@moonfruit.com,resource3,Cloud Storage,1,2022-12-23T03:16:41Z,"+15 Data shared externally (outside organization) | +10 Significant number of records affected (599) | +5 Involves Cloud Storage (data exposure risk) | +5 Weak authentication used (password only, no MFA/SSO)"
INC-00815,35,Medium,bnailn7@usatoday.com,resource3,Gmail,1,2022-12-28T18:06:01Z,+25 Data exposed publicly (highest sharing scope) | +10 Significant number of records affected (450)
INC-00199,33,Medium,efaleypv@phoca.cz,resource2,IAM,1,2022-01-22T20:38:50Z,+5 Data shared internally | +5 Multiple records affected (48) | +5 High-risk action completed successfully | +10 Involves IAM (privilege escalation / credential risk) | +8 Data movement action performed (download or share)
INC-00276,33,Medium,palsopplf@fc2.com,resource3,Gmail,1,2022-03-02T09:31:59Z,"+5 Data shared internally | +10 Significant number of records affected (463) | +5 High-risk action completed successfully | +8 Data movement action performed (download or share) | +5 Weak authentication used (password only, no MFA/SSO)"
INC-00416,33,Medium,lkobsch27@virginia.edu,resource1,Google Drive,1,2022-05-12T04:00:54Z,"+5 Data shared internally | +10 Significant number of records affected (368) | +5 High-risk action completed successfully | +8 Data movement action performed (download or share) | +5 Weak authentication used (password only, no MFA/SSO)"
INC-00529,33,Medium,astruan5d@123-reg.co.uk,resource3,BigQuery,1,2022-07-14T05:49:05Z,+5 Data shared internally | +5 Multiple records affected (16) | +5 High-risk action completed successfully | +10 Involves BigQuery (high-volume data export risk) | +8 Data movement action performed (download or share)
INC-00531,33,Medium,celbourne5y@free.fr,resource3,Cloud Storage,1,2022-07-14T23:00:06Z,+5 Data shared internally | +10 Significant number of records affected (675) | +5 High-risk action completed successfully | +5 Involves Cloud Storage (data exposure risk) | +8 Data movement action performed (download or share)
INC-00551,33,Medium,chaskinsdn@360.cn,resource2,Google Drive,1,2022-07-23T01:37:43Z,+10 Significant number of records affected (864) | +15 Suspicious activity detected by event classifier | +8 Data movement action performed (download or share)
INC-00558,33,Medium,oriddick1r@so-net.ne.jp,resource3,Cloud Storage,1,2022-07-28T03:35:16Z,+5 Data shared internally | +10 Significant number of records affected (586) | +5 High-risk action completed successfully | +5 Involves Cloud Storage (data exposure risk) | +8 Data movement action performed (download or share)
INC-00577,33,Medium,ascatchardcj@alibaba.com,resource3,Gmail,1,2022-08-12T18:59:13Z,"+5 Data shared internally | +10 Significant number of records affected (472) | +5 High-risk action completed successfully | +8 Data movement action performed (download or share) | +5 Weak authentication used (password only, no MFA/SSO)"
INC-00581,33,Medium,fcornehl28@hhs.gov,resource3,Google Drive,1,2022-08-14T17:52:24Z,+15 Data shared externally (outside organization) | +10 Significant number of records affected (928) | +8 Data movement action performed (download or share)
INC-00731,33,Medium,jtraise5n@nasa.gov,resource1,IAM,1,2022-11-10T23:28:38Z,+10 Significant number of records affected (787) | +5 High-risk action completed successfully | +10 Involves IAM (privilege escalation / credential risk) | +8 Data movement action performed (download or share)
INC-00759,33,Medium,fbruinemano7@icio.us,resource3,BigQuery,1,2022-11-25T08:53:24Z,+10 Significant number of records affected (400) | +5 High-risk action completed successfully | +10 Involves BigQuery (high-volume data export risk) | +8 Data movement action performed (download or share)
INC-00180,30,Medium,alindsayr@hhs.gov,resource3,Gmail,1,2022-01-14T03:42:54Z,+20 Contains PII (data classified as Restricted) | +10 Significant number of records affected (909)
INC-00183,30,Medium,amellishdd@prnewswire.com,resource1,Cloud Storage,1,2022-01-17T00:09:27Z,+10 Significant number of records affected (102) | +15 Suspicious activity detected by event classifier | +5 Involves Cloud Storage (data exposure risk)
INC-00213,30,Medium,emaccolli3@businessweek.com,resource1,Gmail,1,2022-01-28T01:19:45Z,+5 Data shared internally | +10 Significant number of records affected (746) | +15 Suspicious activity detected by event classifier
INC-00232,30,Medium,dkirwinnk@wordpress.org,resource3,Google Drive,1,2022-02-06T20:26:04Z,+20 Contains PII (data classified as Restricted) | +10 Significant number of records affected (913)
INC-00256,30,Medium,rreideqb@ox.ac.uk,resource1,IAM,1,2022-02-20T21:37:05Z,"+5 Data shared internally | +10 Significant number of records affected (857) | +10 Involves IAM (privilege escalation / credential risk) | +5 Weak authentication used (password only, no MFA/SSO)"
INC-00261,30,Medium,tbernardottiix@tinyurl.com,resource1,Gmail,1,2022-02-22T19:43:36Z,+5 Data shared internally | +10 Significant number of records affected (351) | +15 Resource was made public
INC-00307,30,Medium,gknowldenqw@vinaora.com,resource1,Gmail,1,2022-03-18T22:15:48Z,+5 Data shared internally | +10 Significant number of records affected (115) | +15 Resource was made public
INC-00327,30,Medium,cellph6u@mashable.com,resource1,Gmail,1,2022-03-26T14:04:46Z,+5 Data shared internally | +10 Significant number of records affected (826) | +5 High-risk action completed successfully | +10 High-risk action performed (export or policy change)
INC-00339,30,Medium,emansford7d@myspace.com,resource1,Google Drive,1,2022-04-01T04:13:40Z,"+10 Significant number of records affected (782) | +5 High-risk action completed successfully | +10 High-risk action performed (export or policy change) | +5 Weak authentication used (password only, no MFA/SSO)"
INC-00361,30,Medium,bpeschkalb@seattletimes.com,resource2,BigQuery,1,2022-04-09T13:45:14Z,"+5 Data shared internally | +10 Significant number of records affected (292) | +10 Involves BigQuery (high-volume data export risk) | +5 Weak authentication used (password only, no MFA/SSO)"
INC-00376,30,Medium,whuntingtonof@who.int,resource3,Google Drive,1,2022-04-18T03:44:26Z,+25 Data exposed publicly (highest sharing scope) | +5 Multiple records affected (21)
INC-00390,30,Medium,mseabrookeb4@sfgate.com,resource3,BigQuery,1,2022-04-22T09:48:59Z,"+5 Data shared internally | +10 Significant number of records affected (386) | +10 Involves BigQuery (high-volume data export risk) | +5 Weak authentication used (password only, no MFA/SSO)"
INC-00417,30,Medium,rbullers1f@naver.com,resource1,Gmail,1,2022-05-13T05:53:55Z,+20 Contains PII (data classified as Restricted) | +10 Significant number of records affected (343)
INC-00444,30,Medium,cdewett3y@surveymonkey.com,resource3,Gmail,1,2022-05-30T00:44:10Z,+20 Contains PII (data classified as Restricted) | +5 Data shared internally | +5 Multiple records affected (79)
INC-00488,30,Medium,emellingshi@java.com,resource3,Gmail,1,2022-06-21T15:10:44Z,"+15 Data shared externally (outside organization) | +10 Significant number of records affected (702) | +5 Weak authentication used (password only, no MFA/SSO)"
INC-00496,30,Medium,vnunanc4@oracle.com,resource3,Gmail,1,2022-06-26T10:42:46Z,"+10 Significant number of records affected (854) | +5 High-risk action completed successfully | +10 High-risk action performed (export or policy change) | +5 Weak authentication used (password only, no MFA/SSO)"
INC-00539,30,Medium,ubindinrg@uol.com.br,resource1,Gmail,1,2022-07-19T15:09:44Z,+10 Significant number of records affected (391) | +5 High-risk action completed successfully | +15 Resource was made public
INC-00542,30,Medium,mcracoe64@geocities.com,resource1,Cloud Storage,1,2022-07-19T20:07:20Z,+20 Contains PII (data classified as Restricted) | +5 Multiple records affected (26) | +5 Involves Cloud Storage (data exposure risk)
INC-00548,30,Medium,jhyndq0@webnode.com,resource1,Google Drive,1,2022-07-22T18:56:23Z,"+5 Data shared internally | +5 Multiple records affected (96) | +15 Suspicious activity detected by event classifier | +5 Weak authentication used (password only, no MFA/SSO)"
INC-00595,30,Medium,aphilipsohnfl@vimeo.com,resource1,Gmail,1,2022-08-21T02:25:26Z,+5 Data shared internally | +10 Significant number of records affected (147) | +5 High-risk action completed successfully | +10 High-risk action performed (export or policy change)
INC-00598,30,Medium,hsoignefh@etsy.com,resource2,Gmail,1,2022-08-24T21:40:48Z,+20 Contains PII (data classified as Restricted) | +10 Significant number of records affected (833)
INC-00615,30,Medium,dbeckleso0@ycombinator.com,resource1,Google Drive,1,2022-09-02T01:23:47Z,+20 Contains PII (data classified as Restricted) | +10 Significant number of records affected (296)
INC-00638,30,Medium,hhudson9c@mediafire.com,resource2,Google Drive,1,2022-09-16T17:00:40Z,+20 Contains PII (data classified as Restricted) | +10 Significant number of records affected (937)
INC-00646,30,Medium,cpaulilloj2@gnu.org,resource2,Gmail,1,2022-09-24T10:37:14Z,"+15 Data shared externally (outside organization) | +10 Significant number of records affected (929) | +5 Weak authentication used (password only, no MFA/SSO)"
INC-00657,30,Medium,mmurtq3@addthis.com,resource1,Gmail,1,2022-09-30T02:10:17Z,+10 Significant number of records affected (177) | +5 High-risk action completed successfully | +15 Resource was made public
INC-00662,30,Medium,cempleton74@bizjournals.com,resource1,Gmail,1,2022-10-01T19:41:51Z,+20 Contains PII (data classified as Restricted) | +10 Significant number of records affected (262)
INC-00709,30,Medium,alampbrecht6m@boston.com,resource3,Google Drive,1,2022-11-01T08:57:28Z,+5 Data shared internally | +10 Significant number of records affected (848) | +15 Resource was made public
INC-00715,30,Medium,dleveydo@berkeley.edu,resource1,Gmail,1,2022-11-03T17:00:52Z,+5 Data shared internally | +10 Significant number of records affected (751) | +15 Suspicious activity detected by event classifier
INC-00736,30,Medium,edrewjp@1688.com,resource2,Gmail,1,2022-11-13T08:29:27Z,+5 Data shared internally | +10 Significant number of records affected (962) | +15 Suspicious activity detected by event classifier
INC-00757,30,Medium,mzimmermanav@posterous.com,resource1,Cloud Storage,1,2022-11-24T17:15:59Z,+5 Data shared internally | +10 Significant number of records affected (711) | +5 Involves Cloud Storage (data exposure risk) | +10 High-risk action performed (export or policy change)
INC-00790,30,Medium,sbeahanpp@bloomberg.com,resource1,Gmail,1,2022-12-13T07:36:38Z,+20 Contains PII (data classified as Restricted) | +10 Significant number of records affected (694)
INC-00796,30,Medium,mrosenthaler76@redcross.org,resource1,Google Drive,1,2022-12-15T15:43:16Z,"+15 Data shared externally (outside organization) | +10 Significant number of records affected (174) | +5 Weak authentication used (password only, no MFA/SSO)"
INC-00659,28,Medium,achaddertond5@wired.com,resource1,Google Drive,1,2022-10-01T00:51:16Z,"+10 Significant number of records affected (365) | +5 High-risk action completed successfully | +8 Data movement action performed (download or share) | +5 Weak authentication used (password only, no MFA/SSO)"
INC-00746,28,Medium,lsmalcombenn@blinklist.com,resource2,Cloud Storage,1,2022-11-18T05:10:50Z,+5 Data shared internally | +10 Significant number of records affected (954) | +5 Involves Cloud Storage (data exposure risk) | +8 Data movement action performed (download or share)
INC-00162,25,Medium,ppattingtonir@springer.com,resource2,Cloud Storage,1,2022-01-05T01:04:58Z,+10 Significant number of records affected (712) | +5 Involves Cloud Storage (data exposure risk) | +10 High-risk action performed (export or policy change)
INC-00177,25,Medium,llemmengn@admin.ch,resource2,IAM,1,2022-01-12T11:28:42Z,+5 Data shared internally | +10 Significant number of records affected (499) | +10 Involves IAM (privilege escalation / credential risk)
INC-00295,25,Medium,eshacklequ@ycombinator.com,resource3,IAM,1,2022-03-12T14:52:56Z,"+10 Significant number of records affected (506) | +10 Involves IAM (privilege escalation / credential risk) | +5 Weak authentication used (password only, no MFA/SSO)"
INC-00316,25,Medium,emaccostog0@usatoday.com,resource3,Cloud Storage,1,2022-03-20T13:59:53Z,+10 Significant number of records affected (781) | +5 Involves Cloud Storage (data exposure risk) | +10 High-risk action performed (export or policy change)
INC-00330,25,Medium,dwildmanmp@nsw.gov.au,resource1,IAM,1,2022-03-27T12:38:19Z,"+10 Significant number of records affected (447) | +10 Involves IAM (privilege escalation / credential risk) | +5 Weak authentication used (password only, no MFA/SSO)"
INC-00374,25,Medium,aarmsbyf2@google.ru,resource2,Google Drive,1,2022-04-15T21:48:20Z,+10 Significant number of records affected (559) | +15 Suspicious activity detected by event classifier
INC-00397,25,Medium,byettsg8@marketwatch.com,resource2,Google Drive,1,2022-04-29T06:35:41Z,+10 Significant number of records affected (175) | +5 High-risk action completed successfully | +10 High-risk action performed (export or policy change)
INC-00406,25,Medium,ccannj1@meetup.com,resource1,Cloud Storage,1,2022-05-05T05:33:05Z,+15 Data shared externally (outside organization) | +5 Multiple records affected (79) | +5 Involves Cloud Storage (data exposure risk)
INC-00443,25,Medium,kadrianojo@de.vu,resource3,Gmail,1,2022-05-29T11:27:08Z,+15 Data shared externally (outside organization) | +10 Significant number of records affected (307)
INC-00445,25,Medium,nhussetia@fema.gov,resource2,Gmail,1,2022-05-30T22:19:24Z,"+10 Significant number of records affected (588) | +10 High-risk action performed (export or policy change) | +5 Weak authentication used (password only, no MFA/SSO)"
INC-00497,25,Medium,ftonbridgej6@timesonline.co.uk,resource2,Gmail,1,2022-06-26T16:07:39Z,+10 Significant number of records affected (296) | +5 High-risk action completed successfully | +10 High-risk action performed (export or policy change)
INC-00545,25,Medium,mjacmard9x@jimdo.com,resource2,IAM,1,2022-07-20T21:40:15Z,+5 Data shared internally | +10 Significant number of records affected (824) | +10 Involves IAM (privilege escalation / credential risk)
INC-00601,25,Medium,fbattlestonen2@tuttocitta.it,resource3,Cloud Storage,1,2022-08-25T23:24:36Z,"+5 Data shared internally | +10 Significant number of records affected (998) | +5 Involves Cloud Storage (data exposure risk) | +5 Weak authentication used (password only, no MFA/SSO)"
INC-00607,25,Medium,hrowlingmo@twitter.com,resource2,Google Drive,1,2022-08-29T04:04:08Z,+5 Data shared internally | +10 Significant number of records affected (521) | +10 High-risk action performed (export or policy change)
INC-00726,25,Medium,bbenthallos@indiegogo.com,resource2,Gmail,1,2022-11-09T07:39:28Z,+15 Data shared externally (outside organization) | +10 Significant number of records affected (529)
INC-00793,25,Medium,wgrastyed9@businesswire.com,resource1,Gmail,1,2022-12-14T08:51:13Z,+5 Data shared internally | +10 Significant number of records affected (133) | +10 High-risk action performed (export or policy change)
INC-00795,25,Medium,ydoran5f@surveymonkey.com,resource1,Google Drive,1,2022-12-14T19:16:36Z,+15 Data shared externally (outside organization) | +10 Significant number of records affected (356)
INC-00797,25,Medium,rjanus8m@spotify.com,resource2,IAM,1,2022-12-16T14:05:12Z,"+10 Significant number of records affected (481) | +10 Involves IAM (privilege escalation / credential risk) | +5 Weak authentication used (password only, no MFA/SSO)"
INC-00813,25,Medium,kpotteridgedb@bbc.co.uk,resource1,Gmail,1,2022-12-28T07:22:38Z,+15 Data shared externally (outside organization) | +10 Significant number of records affected (695)
INC-00207,23,Low,bmcauslandq6@marriott.com,resource1,Google Drive,1,2022-01-26T11:03:49Z,+10 Significant number of records affected (890) | +5 High-risk action completed successfully | +8 Data movement action performed (download or share)
INC-00221,23,Low,bhouseago8r@addthis.com,resource1,Google Drive,1,2022-01-30T07:06:09Z,+5 Data shared internally | +10 Significant number of records affected (337) | +8 Data movement action performed (download or share)
INC-00264,23,Low,bpash2j@istockphoto.com,resource1,Gmail,1,2022-02-25T00:27:06Z,+10 Significant number of records affected (577) | +5 High-risk action completed successfully | +8 Data movement action performed (download or share)
INC-00287,23,Low,gcuppittgp@businessinsider.com,resource2,Cloud Storage,1,2022-03-08T00:37:05Z,+10 Significant number of records affected (886) | +5 Involves Cloud Storage (data exposure risk) | +8 Data movement action performed (download or share)
INC-00358,23,Low,vkenewelk7@tuttocitta.it,resource3,Google Drive,1,2022-04-08T11:06:17Z,+10 Significant number of records affected (962) | +5 High-risk action completed successfully | +8 Data movement action performed (download or share)
INC-00555,23,Low,fabson3q@netlog.com,resource1,Google Drive,1,2022-07-25T20:05:40Z,"+10 Significant number of records affected (867) | +8 Data movement action performed (download or share) | +5 Weak authentication used (password only, no MFA/SSO)"
INC-00612,23,Low,esafflekh@vk.com,resource1,Gmail,1,2022-09-01T04:11:56Z,+10 Significant number of records affected (667) | +5 High-risk action completed successfully | +8 Data movement action performed (download or share)
INC-00809,23,Low,cavena4@globo.com,resource2,Cloud Storage,1,2022-12-24T23:10:57Z,+10 Significant number of records affected (847) | +5 Involves Cloud Storage (data exposure risk) | +8 Data movement action performed (download or share)
INC-00230,20,Low,baggetit@t-online.de,resource1,IAM,1,2022-02-01T04:19:16Z,+10 Significant number of records affected (604) | +10 Involves IAM (privilege escalation / credential risk)
INC-00266,20,Low,fchallener1i@nature.com,resource2,Google Drive,1,2022-02-25T23:16:47Z,+5 Data shared internally | +5 Multiple records affected (22) | +10 High-risk action performed (export or policy change)
INC-00306,20,Low,cdollimore48@newyorker.com,resource3,BigQuery,1,2022-03-17T09:51:52Z,+10 Significant number of records affected (141) | +10 Involves BigQuery (high-volume data export risk)
INC-00308,20,Low,kmarlowebu@canalblog.com,resource3,BigQuery,1,2022-03-18T23:14:48Z,+10 Significant number of records affected (294) | +10 Involves BigQuery (high-volume data export risk)
INC-00314,20,Low,cobreenfc@networksolutions.com,resource3,Cloud Storage,1,2022-03-20T00:25:30Z,+5 Data shared internally | +10 Significant number of records affected (819) | +5 Involves Cloud Storage (data exposure risk)
INC-00345,20,Low,edutchda@wisc.edu,resource2,Gmail,1,2022-04-03T12:36:02Z,"+5 Data shared internally | +10 Significant number of records affected (814) | +5 Weak authentication used (password only, no MFA/SSO)"
INC-00458,20,Low,anenci61@topsy.com,resource1,IAM,1,2022-06-03T09:24:27Z,+10 Significant number of records affected (924) | +10 Involves IAM (privilege escalation / credential risk)
INC-00465,20,Low,shoudmontfe@last.fm,resource1,Gmail,1,2022-06-08T17:26:12Z,"+5 Data shared internally | +10 Significant number of records affected (775) | +5 Weak authentication used (password only, no MFA/SSO)"
INC-00491,20,Low,cmarrion2h@cornell.edu,resource3,IAM,1,2022-06-24T04:31:34Z,+10 Significant number of records affected (531) | +10 Involves IAM (privilege escalation / credential risk)
INC-00508,20,Low,mmccloshr1@alexa.com,resource3,Google Drive,1,2022-07-02T21:20:29Z,+10 Significant number of records affected (710) | +10 High-risk action performed (export or policy change)
INC-00557,20,Low,jbrookwoodet@nba.com,resource1,BigQuery,1,2022-07-27T21:35:52Z,+10 Significant number of records affected (904) | +10 Involves BigQuery (high-volume data export risk)
INC-00605,20,Low,wbelchamberio@amazon.com,resource1,IAM,1,2022-08-28T05:33:07Z,+10 Significant number of records affected (465) | +10 Involves IAM (privilege escalation / credential risk)
INC-00694,20,Low,rburgandk@businessinsider.com,resource3,Gmail,1,2022-10-19T21:40:13Z,"+5 Data shared internally | +10 Significant number of records affected (780) | +5 Weak authentication used (password only, no MFA/SSO)"
INC-00774,20,Low,epetfordl7@opera.com,resource2,BigQuery,1,2022-12-04T12:39:53Z,+10 Significant number of records affected (633) | +10 Involves BigQuery (high-volume data export risk)
INC-00805,20,Low,gfeatherstonhaugh1n@scribd.com,resource1,IAM,1,2022-12-21T08:38:43Z,+10 Significant number of records affected (297) | +10 Involves IAM (privilege escalation / credential risk)
INC-00342,18,Low,yzanittirr@yandex.ru,resource3,Gmail,1,2022-04-02T14:38:49Z,+10 Significant number of records affected (427) | +8 Data movement action performed (download or share)
INC-00196,15,Low,hwiper29@phpbb.com,resource2,Gmail,1,2022-01-21T21:30:51Z,+5 Data shared internally | +10 Significant number of records affected (982)
INC-00222,15,Low,mshurman2v@cafepress.com,resource2,Cloud Storage,1,2022-01-30T09:14:56Z,+10 Significant number of records affected (126) | +5 Involves Cloud Storage (data exposure risk)
INC-00250,15,Low,hsandever2t@loc.gov,resource1,Google Drive,1,2022-02-18T15:40:40Z,+5 Data shared internally | +10 Significant number of records affected (736)
INC-00301,15,Low,fomolan50@wordpress.com,resource2,Cloud Storage,1,2022-03-15T03:46:30Z,+10 Significant number of records affected (976) | +5 Involves Cloud Storage (data exposure risk)
INC-00309,15,Low,ewooffindenmc@noaa.gov,resource2,Google Drive,1,2022-03-19T06:46:01Z,+5 Data shared internally | +10 Significant number of records affected (408)
INC-00315,15,Low,gcaitlinm7@blogtalkradio.com,resource3,Cloud Storage,1,2022-03-20T07:46:46Z,+10 Significant number of records affected (237) | +5 Involves Cloud Storage (data exposure risk)
INC-00356,15,Low,flivezleyk4@sciencedirect.com,resource3,Gmail,1,2022-04-07T11:20:23Z,+5 Data shared internally | +10 Significant number of records affected (103)
INC-00471,15,Low,agraynea5@360.cn,resource3,Cloud Storage,1,2022-06-11T03:51:41Z,+10 Significant number of records affected (207) | +5 Involves Cloud Storage (data exposure risk)
INC-00493,15,Low,jcashen4w@fc2.com,resource1,Gmail,1,2022-06-25T07:23:13Z,"+5 Data shared internally | +5 Multiple records affected (39) | +5 Weak authentication used (password only, no MFA/SSO)"
INC-00560,15,Low,zeccottq4@clickbank.net,resource2,Google Drive,1,2022-07-30T16:38:15Z,+5 Data shared internally | +10 Significant number of records affected (439)
INC-00656,15,Low,ihaime19@amazonaws.com,resource3,Gmail,1,2022-09-29T23:00:39Z,+5 Data shared internally | +10 Significant number of records affected (609)
INC-00692,15,Low,rcastlesnt@symantec.com,resource1,Gmail,1,2022-10-18T03:06:10Z,"+10 Significant number of records affected (687) | +5 Weak authentication used (password only, no MFA/SSO)"
INC-00747,15,Low,ggraystonps@deliciousdays.com,resource2,Google Drive,1,2022-11-19T05:01:12Z,+5 Data shared internally | +10 Significant number of records affected (679)
INC-00772,15,Low,hwitling6w@marriott.com,resource1,Google Drive,1,2022-11-30T20:53:45Z,+5 Data shared internally | +10 Significant number of records affected (301)
INC-00220,10,Low,abeszantga@miitbeian.gov.cn,resource2,Google Drive,1,2022-01-30T01:41:38Z,+10 Significant number of records affected (644)
INC-00371,10,Low,kcatterellom@eepurl.com,resource3,Google Drive,1,2022-04-15T18:33:11Z,+10 Significant number of records affected (382)
INC-00418,10,Low,gdaviddia7@google.cn,resource2,Google Drive,1,2022-05-14T11:23:07Z,+10 Significant number of records affected (574)
INC-00492,10,Low,wbrodwayby@rakuten.co.jp,resource2,Gmail,1,2022-06-24T08:03:57Z,+10 Significant number of records affected (196)
INC-00636,10,Low,uachromovmz@paypal.com,resource2,Gmail,1,2022-09-16T03:22:15Z,+10 Significant number of records affected (656)
INC-00697,10,Low,aknowles82@cyberchimps.com,resource2,Gmail,1,2022-10-21T19:30:28Z,+10 Significant number of records affected (114)
INC-00791,10,Low,jcratchleyay@studiopress.com,resource1,Gmail,1,2022-12-13T22:38:15Z,+10 Significant number of records affected (115)
INC-00792,10,Low,sgatelydj@free.fr,resource1,Google Drive,1,2022-12-14T01:01:38Z,+10 Significant number of records affected (560)
